cycle,sweep,cycle_start_residual,current_residual,residual_ratio,outer_sample,ratio_target
1,1,7276196.130319717,17004332686.542883,2336.981079397555,75,1.0
1,2,7276196.130319717,17868861118.26879,2455.797067345356,75,1.0
1,3,7276196.130319717,18607264083.078773,2557.2790713464683,75,1.0
1,4,7276196.130319717,11544795290.315517,1586.6525700439354,75,1.0
1,5,7276196.130319717,242332464891.36755,33304.82858778017,75,1.0
1,6,7276196.130319717,17915717344475.824,2462236.7269377885,75,1.0
1,7,7276196.130319717,2709721411939.6997,372409.0669640366,75,1.0
1,8,7276196.130319717,41439236090.20399,5695.178544944354,75,1.0
1,9,7276196.130319717,71128555466.81407,9775.513770227173,75,1.0
1,10,7276196.130319717,40899913113.281,5621.056989221626,75,1.0
1,11,7276196.130319717,27857453882.46756,3828.573801960379,75,1.0
1,12,7276196.130319717,58939221724.3639,8100.279413685087,75,1.0
1,13,7276196.130319717,49547187391.59984,6809.490357899785,75,1.0
1,14,7276196.130319717,43045496492.34023,5915.934056940931,75,1.0
1,15,7276196.130319717,34542019233.4103,4747.2633522720225,75,1.0
1,16,7276196.130319717,49837434508.29863,6849.380310218324,75,1.0
1,17,7276196.130319717,82598421283.12592,11351.868449359203,75,1.0
1,18,7276196.130319717,90370138944.52565,12419.970177543135,75,1.0
1,19,7276196.130319717,128667264586.5733,17683.314506933122,75,1.0
1,20,7276196.130319717,15448499260.685242,2123.155971059075,75,1.0
1,21,7276196.130319717,34208986849.07933,4701.493230306339,75,1.0
1,22,7276196.130319717,32806373345.794186,4508.725817476373,75,1.0
1,23,7276196.130319717,5154999993.086422,708.474579403608,75,1.0
1,24,7276196.130319717,61100694463.15948,8397.340226791646,75,1.0
1,25,7276196.130319717,33983952683.34632,4670.565783917793,75,1.0
1,26,7276196.130319717,78406302272.84406,10775.726886487715,75,1.0
1,27,7276196.130319717,75402477577.01683,10362.897896995477,75,1.0
1,28,7276196.130319717,22589990766.71984,3104.6429153535246,75,1.0
1,29,7276196.130319717,25970200065.422764,3569.2001150444016,75,1.0
1,30,7276196.130319717,20385399979.180077,2801.6561970113275,75,1.0
1,31,7276196.130319717,193131794993.68054,26542.961670440058,75,1.0
1,32,7276196.130319717,352052721745.42883,48384.17154238524,75,1.0
1,33,7276196.130319717,213125628158.20486,29290.803098354645,75,1.0
1,34,7276196.130319717,64843550716.8128,8911.737610619295,75,1.0
1,35,7276196.130319717,229952316981.8976,31603.369791489316,75,1.0
1,36,7276196.130319717,87723299825.15927,12056.203303759034,75,1.0
1,37,7276196.130319717,122650958191.35037,16856.466757440343,75,1.0
1,38,7276196.130319717,154319603936.62665,21208.829609963497,75,1.0
1,39,7276196.130319717,30257532518.88678,4158.427284938683,75,1.0
1,40,7276196.130319717,182803963464.11072,25123.56184330593,75,1.0
1,41,7276196.130319717,118181569678.94164,16242.218813547666,75,1.0
1,42,7276196.130319717,21378818569.864113,2938.1861328310188,75,1.0
1,43,7276196.130319717,22404306158.625675,3079.1234537050923,75,1.0
1,44,7276196.130319717,54552055808.442474,7497.331686968346,75,1.0
1,45,7276196.130319717,56752347925.31822,7799.727619879937,75,1.0
1,46,7276196.130319717,39714845203.0857,5458.187834931357,75,1.0
1,47,7276196.130319717,31139579029.746902,4279.650860425421,75,1.0
1,48,7276196.130319717,40257673261.8924,5532.79110964859,75,1.0
1,49,7276196.130319717,27321901730.648533,3754.9704875049874,75,1.0
1,50,7276196.130319717,14454906866.167273,1986.602148605376,75,1.0
1,51,7276196.130319717,1221268119.7103832,167.8443101088756,75,1.0
1,52,7276196.130319717,1043381779.1676086,143.39659905810734,75,1.0
1,53,7276196.130319717,380858843.84870225,52.34312503777537,75,1.0
1,54,7276196.130319717,9892392362.390175,1359.5554854780285,75,1.0
1,55,7276196.130319717,18286660836.595707,2513.2171410822302,75,1.0
1,56,7276196.130319717,24009730600.89469,3299.7640760186187,75,1.0
1,57,7276196.130319717,12946300354.712252,1779.267645186935,75,1.0
1,58,7276196.130319717,32240665298.714207,4430.9780441965,75,1.0
1,59,7276196.130319717,38745576244.05441,5324.976890411546,75,1.0
1,60,7276196.130319717,35746133476.54038,4912.750128818984,75,1.0
1,61,7276196.130319717,18254064987.087086,2508.737348492144,75,1.0
1,62,7276196.130319717,9862967002.244825,1355.5114273440352,75,1.0
1,63,7276196.130319717,12396337133.92516,1703.6837534202728,75,1.0
1,64,7276196.130319717,6794629516.618876,933.8161581854336,75,1.0
1,65,7276196.130319717,6181859248.47939,849.600414524252,75,1.0
1,66,7276196.130319717,13538093466.942017,1860.6004050013355,75,1.0
1,67,7276196.130319717,5363723956.1497345,737.160442088585,75,1.0
1,68,7276196.130319717,7872956915.154359,1082.0154891575771,75,1.0
1,69,7276196.130319717,6630199317.045486,911.217784443388,75,1.0
1,70,7276196.130319717,7102885732.408838,976.181181099737,75,1.0
1,71,7276196.130319717,4909399414.155695,674.7205993662482,75,1.0
1,72,7276196.130319717,3681006786.3409057,505.89713641750905,75,1.0
1,73,7276196.130319717,6443649289.526436,885.5793843538548,75,1.0
1,74,7276196.130319717,10056890333.987078,1382.1631734307273,75,1.0
1,75,7276196.130319717,4944902710.192056,679.5999752654792,75,1.0
1,76,7276196.130319717,5630823147.922936,773.869072118527,75,1.0
1,77,7276196.130319717,4714341525.531322,647.9129260805361,75,1.0
1,78,7276196.130319717,5488123237.543357,754.2571886805652,75,1.0
1,79,7276196.130319717,3418676451.556364,469.8439116162399,75,1.0
1,80,7276196.130319717,3257145606.4807477,447.6440090596662,75,1.0
1,81,7276196.130319717,2826612265.7522116,388.4738969547279,75,1.0
1,82,7276196.130319717,4309810460.902267,592.3164224426828,75,1.0
1,83,7276196.130319717,3043100438.622725,418.22682953009,75,1.0
1,84,7276196.130319717,3912171025.425591,537.6670660544288,75,1.0
1,85,7276196.130319717,1587197285.7322383,218.13558311305397,75,1.0
1,86,7276196.130319717,2101967296.2484086,288.8827154465458,75,1.0
1,87,7276196.130319717,1235537882.1341372,169.80546703320482,75,1.0
1,88,7276196.130319717,2348414597.3250837,322.75306427479353,75,1.0
1,89,7276196.130319717,1056327740.8094711,145.17582015248067,75,1.0
1,90,7276196.130319717,1742899844.1109605,239.53447830362114,75,1.0
1,91,7276196.130319717,604362250.1998392,83.06019235538163,75,1.0
1,92,7276196.130319717,1883401327.8584888,258.84422219054886,75,1.0
1,93,7276196.130319717,740463240.0503587,101.76515679186654,75,1.0
1,94,7276196.130319717,1207543042.6252413,165.95801171348876,75,1.0
1,95,7276196.130319717,50812834.66376821,6.983433892337298,75,1.0
1,96,7276196.130319717,1224045411.2142062,168.2260056341309,75,1.0
1,97,7276196.130319717,368622805.80767787,50.66147190173123,75,1.0
1,98,7276196.130319717,1214756461.3610382,166.94938393691453,75,1.0
1,99,7276196.130319717,202325847.60340413,27.806541217370114,75,1.0
1,100,7276196.130319717,1189774395.7279882,163.51598753230823,75,1.0
1,101,7276196.130319717,272791921.5571213,37.49100720641717,75,1.0
1,102,7276196.130319717,1023448601.6820517,140.65709380996046,75,1.0
1,103,7276196.130319717,106810727.24310163,14.679473358067431,75,1.0
1,104,7276196.130319717,980321747.006803,134.7299783360468,75,1.0
1,105,7276196.130319717,185148013.88500398,25.44571511940107,75,1.0
1,106,7276196.130319717,904010268.8795198,124.24215245003263,75,1.0
1,107,7276196.130319717,24632101.64074497,3.3852992964419486,75,1.0
1,108,7276196.130319717,920802484.9265463,126.54998139612904,75,1.0
1,109,7276196.130319717,81433530.70428136,11.191772355468812,75,1.0
1,110,7276196.130319717,828438317.8271735,113.85596305947456,75,1.0
1,111,7276196.130319717,26586533.80845136,3.653905602910561,75,1.0
1,112,7276196.130319717,758885094.1441886,104.29695414365405,75,1.0
1,113,7276196.130319717,22180866.433810376,3.0484151384242226,75,1.0
1,114,7276196.130319717,642674909.6095049,88.32567155955232,75,1.0
1,115,7276196.130319717,74979625.84026025,10.304783501893542,75,1.0
1,116,7276196.130319717,641817705.6164358,88.20786220178952,75,1.0
1,117,7276196.130319717,116158979.23101588,15.964245211448393,75,1.0
1,118,7276196.130319717,586977236.8122141,80.67089263389911,75,1.0
1,119,7276196.130319717,112847806.93650478,15.509176074332432,75,1.0
1,120,7276196.130319717,549725556.2841897,75.55122847685452,75,1.0
1,121,7276196.130319717,171446573.69362926,23.562665247465763,75,1.0
1,122,7276196.130319717,480655745.12812376,66.05865709491309,75,1.0
1,123,7276196.130319717,173505237.51772663,23.84559657411307,75,1.0
1,124,7276196.130319717,478390968.77766955,65.74739880694351,75,1.0
1,125,7276196.130319717,189889262.93813825,26.09732606668953,75,1.0
1,126,7276196.130319717,453930264.11168134,62.385655359146504,75,1.0
1,127,7276196.130319717,201728439.16496545,27.724436718296854,75,1.0
1,128,7276196.130319717,405786524.1734162,55.76904702754155,75,1.0
1,129,7276196.130319717,226466061.14315048,31.124238144086355,75,1.0
1,130,7276196.130319717,384062010.7006203,52.78335050648842,75,1.0
1,131,7276196.130319717,215675299.49381953,29.641215771398223,75,1.0
1,132,7276196.130319717,370480773.40398955,50.916820653061556,75,1.0
1,133,7276196.130319717,230599040.40303358,31.692251867996447,75,1.0
1,134,7276196.130319717,353189089.09308696,48.540347561737285,75,1.0
1,135,7276196.130319717,230955087.26201165,31.741184971585344,75,1.0
1,136,7276196.130319717,340147984.20638233,46.748050508011275,75,1.0
1,137,7276196.130319717,241918378.42370927,33.24791884259988,75,1.0
1,138,7276196.130319717,323058908.5370328,44.39942282353479,75,1.0
1,139,7276196.130319717,240678210.35048926,33.077477027809834,75,1.0
1,140,7276196.130319717,310993711.2697955,42.74124909496226,75,1.0
1,141,7276196.130319717,235287005.2967067,32.33653973623278,75,1.0
1,142,7276196.130319717,292741933.0460742,40.232826026531406,75,1.0
1,143,7276196.130319717,236845130.4765667,32.55067981051793,75,1.0
1,144,7276196.130319717,287923622.70112526,39.57062420312656,75,1.0
1,145,7276196.130319717,233801825.5653235,32.132424879406074,75,1.0
1,146,7276196.130319717,279413068.42642164,38.40098087270006,75,1.0
1,147,7276196.130319717,229845865.56761342,31.58873970010948,75,1.0
1,148,7276196.130319717,271810476.6948742,37.35612287335785,75,1.0
1,149,7276196.130319717,229939432.5692351,31.601599029344953,75,1.0
1,150,7276196.130319717,267500764.68020386,36.76381998081872,75,1.0
1,151,7276196.130319717,215695794.291318,29.64403246258293,75,1.0
1,152,7276196.130319717,260371521.98588657,35.78401644520346,75,1.0
1,153,7276196.130319717,226214702.69179592,31.08969283402975,75,1.0
1,154,7276196.130319717,252437583.23040414,34.693619950471565,75,1.0
1,155,7276196.130319717,212163135.6053341,29.158523465476133,75,1.0
1,156,7276196.130319717,245997577.42573494,33.808541306448504,75,1.0
1,157,7276196.130319717,215594289.9454382,29.630082268819347,75,1.0
1,158,7276196.130319717,239409795.053159,32.90315307136166,75,1.0
1,159,7276196.130319717,217706581.68646812,29.920383918637178,75,1.0
1,160,7276196.130319717,231436170.59275526,31.80730239367337,75,1.0
1,161,7276196.130319717,209500651.53771734,28.792606436862478,75,1.0
1,162,7276196.130319717,226309357.41571316,31.102701653778688,75,1.0
1,163,7276196.130319717,208893231.19977835,28.70912595790619,75,1.0
1,164,7276196.130319717,220327529.8961017,30.280592489529344,75,1.0
1,165,7276196.130319717,207422585.49347293,28.507008576795847,75,1.0
1,166,7276196.130319717,216972987.5079741,29.8195628075298,75,1.0
1,167,7276196.130319717,200280580.26088426,27.525451028775922,75,1.0
1,168,7276196.130319717,215000744.69954896,29.548508705482323,75,1.0
1,169,7276196.130319717,201329128.96028256,27.66955774066471,75,1.0
1,170,7276196.130319717,198299547.60204303,27.25318889848695,75,1.0
1,171,7276196.130319717,195513832.2678706,26.870335648756033,75,1.0
1,172,7276196.130319717,204456230.66440567,28.09932923776504,75,1.0
1,173,7276196.130319717,192905455.0612684,26.51185476672852,75,1.0
1,174,7276196.130319717,198591404.430457,27.293300080646787,75,1.0
1,175,7276196.130319717,182874553.9034598,25.13326340138446,75,1.0
1,176,7276196.130319717,192894042.72151,26.51028631811141,75,1.0
1,177,7276196.130319717,185599911.08571383,25.507821361813477,75,1.0
1,178,7276196.130319717,193433518.48552263,26.584428872043492,75,1.0
1,179,7276196.130319717,185276547.10004607,25.463380010882826,75,1.0
1,180,7276196.130319717,187229572.92480642,25.7317930373847,75,1.0
1,181,7276196.130319717,182444685.36752835,25.074184656359957,75,1.0
1,182,7276196.130319717,184453393.86120182,25.350250399736943,75,1.0
1,183,7276196.130319717,179459394.9024542,24.663902908643657,75,1.0
1,184,7276196.130319717,182564857.24551535,25.090700412097526,75,1.0
1,185,7276196.130319717,178971640.0737654,24.59686859291702,75,1.0
1,186,7276196.130319717,174879777.07143572,24.034505659174894,75,1.0
1,187,7276196.130319717,172206880.6174588,23.667157609987623,75,1.0
1,188,7276196.130319717,174738538.5706644,24.015094623760007,75,1.0
1,189,7276196.130319717,170119276.86389655,23.38024894010402,75,1.0
1,190,7276196.130319717,170248588.74895585,23.398020847669905,75,1.0
1,191,7276196.130319717,168429753.15539157,23.148050181543244,75,1.0
1,192,7276196.130319717,166563654.98250732,22.891584008908303,75,1.0
1,193,7276196.130319717,166070044.42432463,22.823744914229998,75,1.0
1,194,7276196.130319717,167907468.30992237,23.076270252014837,75,1.0
1,195,7276196.130319717,164217159.5750379,22.56909470743227,75,1.0
1,196,7276196.130319717,162387869.6499316,22.317687256019067,75,1.0
1,197,7276196.130319717,160272913.50839114,22.027019425787348,75,1.0
1,198,7276196.130319717,160647204.0480252,22.078459839559923,75,1.0
1,199,7276196.130319717,160172412.23016277,22.01320708807292,75,1.0
1,200,7276196.130319717,159141351.69592038,21.871503852511967,75,1.0
1,201,7276196.130319717,156084860.18438357,21.45143662826543,75,1.0
1,202,7276196.130319717,151741567.89007694,20.854518648524856,75,1.0
1,203,7276196.130319717,152822088.02947706,21.003019337627727,75,1.0
1,204,7276196.130319717,152396200.52727765,20.94448772377736,75,1.0
1,205,7276196.130319717,150319799.73933956,20.659118727292263,75,1.0
1,206,7276196.130319717,149671706.53096944,20.570048394832487,75,1.0
1,207,7276196.130319717,145864249.2569761,20.046772605422717,75,1.0
1,208,7276196.130319717,145273875.18825948,19.965634871070485,75,1.0
1,209,7276196.130319717,145363680.9842499,19.977977281085547,75,1.0
1,210,7276196.130319717,147445521.270277,20.26409385198887,75,1.0
1,211,7276196.130319717,144671833.93900546,19.88289366419931,75,1.0
1,212,7276196.130319717,142205146.8586239,19.543885886481096,75,1.0
1,213,7276196.130319717,142121995.8130706,19.532458068420116,75,1.0
1,214,7276196.130319717,131265356.45535868,18.040381829233464,75,1.0
1,215,7276196.130319717,141810770.8510692,19.48968503750847,75,1.0
1,216,7276196.130319717,140309288.3271766,19.283329615389487,75,1.0
1,217,7276196.130319717,129154178.34556235,17.750233230709696,75,1.0
1,218,7276196.130319717,135822317.43958268,18.66666524746559,75,1.0
1,219,7276196.130319717,135431670.28937605,18.612976871944923,75,1.0
1,220,7276196.130319717,134824645.755605,18.529550790116044,75,1.0
1,221,7276196.130319717,132563574.95824794,18.218801772791558,75,1.0
1,222,7276196.130319717,134657638.16402245,18.50659819392548,75,1.0
1,223,7276196.130319717,130061063.50043583,17.874870491529883,75,1.0
1,224,7276196.130319717,128145142.64911492,17.61155696657729,75,1.0
1,225,7276196.130319717,131901485.75162114,18.127807908034683,75,1.0
1,226,7276196.130319717,129817430.77140793,17.841386961858014,75,1.0
1,227,7276196.130319717,128895197.47672778,17.71464033791295,75,1.0
1,228,7276196.130319717,126030241.95756999,17.320896757085105,75,1.0
1,229,7276196.130319717,127535428.45690352,17.52776123302487,75,1.0
1,230,7276196.130319717,123810592.42270157,17.015840448113554,75,1.0
1,231,7276196.130319717,125465892.42205268,17.24333569009219,75,1.0
1,232,7276196.130319717,125580762.08984223,17.259122739497155,75,1.0
1,233,7276196.130319717,120637379.27834651,16.57973165067029,75,1.0
1,234,7276196.130319717,120214210.78881519,16.52157372282555,75,1.0
1,235,7276196.130319717,119669777.55351484,16.446749841562685,75,1.0
1,236,7276196.130319717,120225092.61702327,16.523069260880487,75,1.0
1,237,7276196.130319717,118281113.01772743,16.255899497383414,75,1.0
1,238,7276196.130319717,119811406.02267842,16.466214472068373,75,1.0
1,239,7276196.130319717,115446097.78783792,15.866270743689423,75,1.0
1,240,7276196.130319717,114897727.6074925,15.790905790556787,75,1.0
1,241,7276196.130319717,117911430.6764759,16.205092408812632,75,1.0
1,242,7276196.130319717,115507911.59251766,15.87476608982532,75,1.0
1,243,7276196.130319717,115091290.11716785,15.817507947261822,75,1.0
1,244,7276196.130319717,112513636.79200126,15.463249584925276,75,1.0
1,245,7276196.130319717,113444860.10001624,15.591231746392115,75,1.0
1,246,7276196.130319717,109826118.36313935,15.093891972688423,75,1.0
1,247,7276196.130319717,112247683.92827299,15.426698499857618,75,1.0
1,248,7276196.130319717,113123750.73269768,15.54710025769014,75,1.0
1,249,7276196.130319717,108109638.63822694,14.857988528887633,75,1.0
1,250,7276196.130319717,108137972.01553306,14.861882510962698,75,1.0
1,251,7276196.130319717,108096684.32524626,14.856208160031617,75,1.0
1,252,7276196.130319717,107205719.92349719,14.73375895913165,75,1.0
1,253,7276196.130319717,106337286.44466949,14.61440628319031,75,1.0
1,254,7276196.130319717,107984406.95053193,14.840777380994961,75,1.0
1,255,7276196.130319717,103738466.263616,14.257238865695298,75,1.0
1,256,7276196.130319717,103130973.03423618,14.17374836894406,75,1.0
1,257,7276196.130319717,105943773.13395491,14.560323998481845,75,1.0
1,258,7276196.130319717,104105775.385367,14.307719792153621,75,1.0
1,259,7276196.130319717,104205419.93393008,14.32141438569926,75,1.0
1,260,7276196.130319717,102028924.15589264,14.02228888948455,75,1.0
1,261,7276196.130319717,101605807.5239377,13.9641380886572,75,1.0
1,262,7276196.130319717,98229774.30902246,13.500154826737226,75,1.0
1,263,7276196.130319717,102416415.0050198,14.075543480508077,75,1.0
1,264,7276196.130319717,100788148.34021877,13.851763549945721,75,1.0
1,265,7276196.130319717,96717055.6566623,13.29225517350266,75,1.0
1,266,7276196.130319717,97357404.76085247,13.38026119927784,75,1.0
1,267,7276196.130319717,97159645.09200339,13.353082208317847,75,1.0
1,268,7276196.130319717,97651031.61077821,13.42061564336741,75,1.0
1,269,7276196.130319717,94835750.61251177,13.033699052906737,75,1.0
1,270,7276196.130319717,98419084.65589023,13.526172589793243,75,1.0
1,271,7276196.130319717,92915435.17753087,12.769781560773865,75,1.0
1,272,7276196.130319717,92532024.10242967,12.71708767124228,75,1.0
1,273,7276196.130319717,95448445.51201773,13.11790443832136,75,1.0
1,274,7276196.130319717,93771229.96225418,12.887397244765289,75,1.0
1,275,7276196.130319717,92986524.52069998,12.779551685423595,75,1.0
1,276,7276196.130319717,92413355.51795913,12.700778519819597,75,1.0
1,277,7276196.130319717,91931364.22971532,12.63453631309356,75,1.0
1,278,7276196.130319717,88379812.50696526,12.146430761904412,75,1.0
1,279,7276196.130319717,92232699.13455553,12.675950109456823,75,1.0
1,280,7276196.130319717,91068383.71414602,12.515933062148568,75,1.0
1,281,7276196.130319717,87459555.00689471,12.019955680201232,75,1.0
1,282,7276196.130319717,88493604.18635567,12.162069658568596,75,1.0
1,283,7276196.130319717,87731617.90908866,12.05734649503376,75,1.0
1,284,7276196.130319717,87556110.40987568,12.033225718728454,75,1.0
1,285,7276196.130319717,86566120.90501904,11.897167057427204,75,1.0
1,286,7276196.130319717,88554777.3090018,12.170476952922748,75,1.0
1,287,7276196.130319717,83995565.8635503,11.543884243793677,75,1.0
1,288,7276196.130319717,84373412.76923256,11.5958134247716,75,1.0
1,289,7276196.130319717,87104003.36101215,11.971090635950846,75,1.0
1,290,7276196.130319717,85280729.12242872,11.72050994709532,75,1.0
1,291,7276196.130319717,85122091.19979438,11.698707631738083,75,1.0
1,292,7276196.130319717,83400748.23035777,11.462135810609757,75,1.0
1,293,7276196.130319717,84163821.6273819,11.567008381848515,75,1.0
1,294,7276196.130319717,81132809.85802998,11.150442951908856,75,1.0
1,295,7276196.130319717,84465047.96594551,11.608407257465462,75,1.0
1,296,7276196.130319717,82783488.65222023,11.377303081106296,75,1.0
1,297,7276196.130319717,79457907.297699,10.92025364277909,75,1.0
1,298,7276196.130319717,80623828.55086768,11.080491386826465,75,1.0
1,299,7276196.130319717,80025726.01448072,10.998291494784704,75,1.0
1,300,7276196.130319717,79921585.6376153,10.983979019557232,75,1.0
2,1,79921600.93397085,40996010541.297844,512.9528195408358,75,1.0
2,2,79921600.93397085,107491376430.90314,1344.9602507300838,75,1.0
2,3,79921600.93397085,160819354801.09567,2012.2138811253349,75,1.0
2,4,79921600.93397085,115021942849.69371,1439.1846697956144,75,1.0
2,5,79921600.93397085,12933384112.410107,161.82588888697728,75,1.0
2,6,79921600.93397085,53007341195.090965,663.2417340949445,75,1.0
2,7,79921600.93397085,17091066412.58745,213.84789860137616,75,1.0
2,8,79921600.93397085,8612977305.738129,107.76782753456035,75,1.0
2,9,79921600.93397085,37259725007.85642,466.2034365232428,75,1.0
2,10,79921600.93397085,14149934632.163141,177.04768756888953,75,1.0
2,11,79921600.93397085,10756429377.982014,134.587261169464,75,1.0
2,12,79921600.93397085,15839500317.36362,198.1879758696251,75,1.0
2,13,79921600.93397085,1104046451.8556252,13.814118322876935,75,1.0
2,14,79921600.93397085,1207804078.2383075,15.112360915244475,75,1.0
2,15,79921600.93397085,7422271549.609253,92.86940530309623,75,1.0
2,16,79921600.93397085,7724522061.76232,96.65124286166538,75,1.0
2,17,79921600.93397085,1299979091.815347,16.265678823042546,75,1.0
2,18,79921600.93397085,6051867151.812117,75.72254660929542,75,1.0
2,19,79921600.93397085,2528614125.3104143,31.638682105473457,75,1.0
2,20,79921600.93397085,293957377.9839843,3.6780716921179324,75,1.0
2,21,79921600.93397085,67937287.83658208,0.8500491361867251,75,1.0
3,1,67935906.27325913,48663341308.91844,716.3125360126867,75,1.0
3,2,67935906.27325913,140142206141.66718,2062.859154008663,75,1.0
3,3,67935906.27325913,224001624989.07816,3297.249382205555,75,1.0
3,4,67935906.27325913,136557273846.11012,2010.089823440858,75,1.0
3,5,67935906.27325913,31281752155.646496,460.45977556877887,75,1.0
3,6,67935906.27325913,70764637385.03442,1041.6382332546984,75,1.0
3,7,67935906.27325913,30751784719.473064,452.65878393937834,75,1.0
3,8,67935906.27325913,9885083633.886553,145.5060243713494,75,1.0
3,9,67935906.27325913,48616924781.89634,715.6292960359445,75,1.0
3,10,67935906.27325913,15184041555.780684,223.50539484533837,75,1.0
3,11,67935906.27325913,13082734830.156471,192.57467144890484,75,1.0
3,12,67935906.27325913,19149390550.09543,281.8743665988746,75,1.0
3,13,67935906.27325913,2672912925.495827,39.3446274896893,75,1.0
3,14,67935906.27325913,2543128362.663629,37.43423032342255,75,1.0
3,15,67935906.27325913,9250940055.896448,136.17158529815322,75,1.0
3,16,67935906.27325913,8950649911.01042,131.7513874770162,75,1.0
3,17,67935906.27325913,1122277841.433114,16.519656585119613,75,1.0
3,18,67935906.27325913,8834888435.200932,130.04740673752536,75,1.0
3,19,67935906.27325913,3242276922.3712144,47.72552690074934,75,1.0
3,20,67935906.27325913,643041083.6605097,9.46540819039052,75,1.0
3,21,67935906.27325913,45768263.515295394,0.6736976957546036,75,1.0
4,1,45765999.28235842,68736821324.70361,1501.9189442499473,75,1.0
4,2,45765999.28235842,187156429605.7787,4089.4208045386767,75,1.0
4,3,45765999.28235842,319813358617.32764,6988.012140720528,75,1.0
4,4,45765999.28235842,172969552848.726,3779.4335437006657,75,1.0
4,5,45765999.28235842,55913714639.885345,1221.7304443615328,75,1.0
4,6,45765999.28235842,96557780047.00018,2109.8147437200314,75,1.0
4,7,45765999.28235842,50884471846.30353,1111.8400700128084,75,1.0
4,8,45765999.28235842,12976414608.968256,283.53832129631485,75,1.0
4,9,45765999.28235842,67027623115.947044,1464.5724810336308,75,1.0
4,10,45765999.28235842,18131839580.086277,396.1858118342369,75,1.0
4,11,45765999.28235842,13044853358.322569,285.03372728389246,75,1.0
4,12,45765999.28235842,23688167943.471447,517.593154632649,75,1.0
4,13,45765999.28235842,3852035313.8711824,84.1680586958371,75,1.0
4,14,45765999.28235842,5128888931.214669,112.06767057726454,75,1.0
4,15,45765999.28235842,11372042424.307512,248.48233628957672,75,1.0
4,16,45765999.28235842,11705008268.265327,255.7577339467664,75,1.0
4,17,45765999.28235842,1089646979.1147995,23.809094004308772,75,1.0
4,18,45765999.28235842,12583881771.233332,274.96136801461876,75,1.0
4,19,45765999.28235842,3539120964.0012164,77.3307918432244,75,1.0
4,20,45765999.28235842,1154576494.8649218,25.227822247289602,75,1.0
4,21,45765999.28235842,6207735.374025549,0.13564076981529968,75,1.0
5,1,6162233.18698013,99086877135.57817,16079.702622246397,75,1.0
5,2,6162233.18698013,259437150521.21582,42101.157591596406,75,1.0
5,3,6162233.18698013,469024011739.6676,76112.66849340344,75,1.0
5,4,6162233.18698013,229137769090.688,37184.20938286165,75,1.0
5,5,6162233.18698013,95607797111.02084,15515.121581738535,75,1.0
5,6,6162233.18698013,137217935480.84015,22267.566208101467,75,1.0
5,7,6162233.18698013,82627968386.6845,13408.770145418212,75,1.0
5,8,6162233.18698013,18037948829.74015,2927.1772557798718,75,1.0
5,9,6162233.18698013,95970946310.88356,15574.05300949268,75,1.0
5,10,6162233.18698013,22728284640.129654,3688.319469660949,75,1.0
5,11,6162233.18698013,14948145472.492392,2425.7675779091855,75,1.0
5,12,6162233.18698013,31377944731.31236,5091.976200707436,75,1.0
5,13,6162233.18698013,6617190026.03055,1073.8298641491976,75,1.0
5,14,6162233.18698013,8744127115.934717,1418.9867294229857,75,1.0
5,15,6162233.18698013,15311342834.374802,2484.7068213396014,75,1.0
5,16,6162233.18698013,16057422856.852474,2605.7798154700454,75,1.0
5,17,6162233.18698013,1098991894.8806572,178.3431203484252,75,1.0
5,18,6162233.18698013,18819738326.52857,3054.0451416690685,75,1.0
5,19,6162233.18698013,4389229319.513816,712.279004434236,75,1.0
5,20,6162233.18698013,2080577100.0760815,337.63362030376055,75,1.0
5,21,6162233.18698013,263622532.61976278,42.78035650724115,75,1.0
5,22,6162233.18698013,4553871515.402867,738.9969475716225,75,1.0
5,23,6162233.18698013,6684377457.906645,1084.732962074484,75,1.0
5,24,6162233.18698013,4816817836.081126,781.6675691952613,75,1.0
5,25,6162233.18698013,4949448503.377625,803.1907188833853,75,1.0
5,26,6162233.18698013,6747014548.522522,1094.8976359378848,75,1.0
5,27,6162233.18698013,1181312252.4134035,191.70197176396022,75,1.0
5,28,6162233.18698013,3943283807.207065,639.9114878577833,75,1.0
5,29,6162233.18698013,3766230431.81232,611.1794730147177,75,1.0
5,30,6162233.18698013,1416848202.0176473,229.9244704032353,75,1.0
5,31,6162233.18698013,3448262250.4953847,559.5799681487294,75,1.0
5,32,6162233.18698013,1467226806.4394796,238.09985145312396,75,1.0
5,33,6162233.18698013,923341269.522644,149.8387421419762,75,1.0
5,34,6162233.18698013,1253367728.9940746,203.39505029479437,75,1.0
5,35,6162233.18698013,1714606034.596944,278.24426349519655,75,1.0
5,36,6162233.18698013,1120320022.356073,181.80422394971035,75,1.0
5,37,6162233.18698013,2013970555.1097949,326.8247880273358,75,1.0
5,38,6162233.18698013,1540744684.6275022,250.0302468077423,75,1.0
5,39,6162233.18698013,1504886948.6339862,244.21129531637743,75,1.0
5,40,6162233.18698013,938593318.8245459,152.31382687816034,75,1.0
5,41,6162233.18698013,501561195.45862454,81.3927646422644,75,1.0
5,42,6162233.18698013,215762756.3160626,35.01372794069799,75,1.0
5,43,6162233.18698013,784016287.682033,127.2292469130414,75,1.0
5,44,6162233.18698013,1210211653.116055,196.391732736283,75,1.0
5,45,6162233.18698013,992565168.288949,161.0723155342595,75,1.0
5,46,6162233.18698013,925742520.0058434,150.22841426413362,75,1.0
5,47,6162233.18698013,436516821.726993,70.83743968814541,75,1.0
5,48,6162233.18698013,455006451.6987909,73.8379152317947,75,1.0
5,49,6162233.18698013,618375507.3683436,100.34925466223476,75,1.0
5,50,6162233.18698013,465175753.12875426,75.48817758334762,75,1.0
5,51,6162233.18698013,473949866.6389506,76.91203046978735,75,1.0
5,52,6162233.18698013,730406033.4885759,118.52943751492784,75,1.0
5,53,6162233.18698013,636317766.0017011,103.26090342477539,75,1.0
5,54,6162233.18698013,547929721.9684806,88.91739493503322,75,1.0
5,55,6162233.18698013,180103892.88491547,29.227049256339058,75,1.0
5,56,6162233.18698013,218772488.54784968,35.502143769905196,75,1.0
5,57,6162233.18698013,267036521.5799359,43.334374645890364,75,1.0
5,58,6162233.18698013,475967428.8126288,77.23943810147857,75,1.0
5,59,6162233.18698013,318182009.30707276,51.63420462233454,75,1.0
5,60,6162233.18698013,556869515.3662919,90.3681341600109,75,1.0
5,61,6162233.18698013,539099754.8785218,87.48447819494373,75,1.0
5,62,6162233.18698013,483469855.2274752,78.45692309226047,75,1.0
5,63,6162233.18698013,307225612.8777644,49.85621341413788,75,1.0
5,64,6162233.18698013,313471757.7186685,50.8698304992721,75,1.0
5,65,6162233.18698013,283144772.79837257,45.948402828476986,75,1.0
5,66,6162233.18698013,365223402.35447377,59.26802691046093,75,1.0
5,67,6162233.18698013,323814304.09726495,52.54820683862398,75,1.0
5,68,6162233.18698013,275639576.69500107,44.730468375878075,75,1.0
5,69,6162233.18698013,319970004.343446,51.92435836727088,75,1.0
5,70,6162233.18698013,312211086.16948223,50.66525019357223,75,1.0
5,71,6162233.18698013,294957341.24582964,47.86533263120098,75,1.0
5,72,6162233.18698013,266616958.37376192,43.26628841912107,75,1.0
5,73,6162233.18698013,274040387.0989241,44.4709537571428,75,1.0
5,74,6162233.18698013,259569502.0741436,42.122635446930964,75,1.0
5,75,6162233.18698013,231810945.43209875,37.618009315499506,75,1.0
5,76,6162233.18698013,222945516.63551107,36.17933789110113,75,1.0
5,77,6162233.18698013,252020463.37507644,40.89758626913984,75,1.0
5,78,6162233.18698013,205693765.6123687,33.37974389657448,75,1.0
5,79,6162233.18698013,225165919.39129564,36.53966225540398,75,1.0
5,80,6162233.18698013,209480295.60622507,33.994217558794325,75,1.0
5,81,6162233.18698013,202140732.61993036,32.803161854865095,75,1.0
5,82,6162233.18698013,182682306.54666978,29.645471212068045,75,1.0
5,83,6162233.18698013,196167767.90761778,31.833876121742797,75,1.0
5,84,6162233.18698013,170166260.96006927,27.61438196133261,75,1.0
5,85,6162233.18698013,170586245.5251954,27.68253656574023,75,1.0
5,86,6162233.18698013,187556307.11866322,30.436418328819727,75,1.0
5,87,6162233.18698013,179546357.12320763,29.136573004501358,75,1.0
5,88,6162233.18698013,165663473.68196332,26.883674904089197,75,1.0
5,89,6162233.18698013,147563096.24986425,23.94636680767661,75,1.0
5,90,6162233.18698013,158255395.19162533,25.681500584235454,75,1.0
5,91,6162233.18698013,132573097.84127732,21.513807384210043,75,1.0
5,92,6162233.18698013,158137800.81579924,25.66241750635477,75,1.0
5,93,6162233.18698013,148507688.23586214,24.09965409125323,75,1.0
5,94,6162233.18698013,129233230.53052686,20.971817620205805,75,1.0
5,95,6162233.18698013,128694421.48694894,20.884380318300977,75,1.0
5,96,6162233.18698013,125844181.2472574,20.421846663178403,75,1.0
5,97,6162233.18698013,115037567.3490489,18.668161989083103,75,1.0
5,98,6162233.18698013,113580512.11683998,18.431712768808957,75,1.0
5,99,6162233.18698013,121079672.36241296,19.648667729458218,75,1.0
5,100,6162233.18698013,108251075.44948451,17.566858014753922,75,1.0
5,101,6162233.18698013,102990177.95037633,16.713125716822766,75,1.0
5,102,6162233.18698013,121183894.52308726,19.665580779891705,75,1.0
5,103,6162233.18698013,102413479.40351103,16.61953975060458,75,1.0
5,104,6162233.18698013,106687039.00546587,17.313048008452437,75,1.0
5,105,6162233.18698013,93529293.0510565,15.17782437196142,75,1.0
5,106,6162233.18698013,101871390.97856458,16.531570274523766,75,1.0
5,107,6162233.18698013,79567487.44608235,12.91211887505271,75,1.0
5,108,6162233.18698013,102767997.05769403,16.677070461213205,75,1.0
5,109,6162233.18698013,96880718.64387502,15.721689800471909,75,1.0
5,110,6162233.18698013,75506552.0431352,12.253115023733468,75,1.0
5,111,6162233.18698013,75363209.75121444,12.229853604119615,75,1.0
5,112,6162233.18698013,81224447.30813289,13.18100838503611,75,1.0
5,113,6162233.18698013,80724090.21013415,13.09981101992245,75,1.0
5,114,6162233.18698013,71201299.48104438,11.554463669353181,75,1.0
5,115,6162233.18698013,84060585.09818076,13.64125351111154,75,1.0
5,116,6162233.18698013,64638982.77618651,10.489538583635383,75,1.0
5,117,6162233.18698013,59810130.41993976,9.70591806657196,75,1.0
5,118,6162233.18698013,81767925.89476459,13.269203454930574,75,1.0
5,119,6162233.18698013,72946264.86224073,11.83763461213464,75,1.0
5,120,6162233.18698013,69895051.6255561,11.342487293930033,75,1.0
5,121,6162233.18698013,58480181.722326085,9.490095546187037,75,1.0
5,122,6162233.18698013,73226991.45556495,11.88319059562409,75,1.0
5,123,6162233.18698013,51178172.11369182,8.30513396049724,75,1.0
5,124,6162233.18698013,73837026.14800712,11.982186312587721,75,1.0
5,125,6162233.18698013,65496519.59346669,10.62869865617078,75,1.0
5,126,6162233.18698013,44461618.942381226,7.215179561254177,75,1.0
5,127,6162233.18698013,44714980.84653583,7.256294834965325,75,1.0
5,128,6162233.18698013,50176564.69561429,8.142594279234647,75,1.0
5,129,6162233.18698013,55414292.40844467,8.992566611326348,75,1.0
5,130,6162233.18698013,47367206.517331034,7.686694917259996,75,1.0
5,131,6162233.18698013,60363536.93146108,9.7957242285151,75,1.0
5,132,6162233.18698013,38678166.29564934,6.276647624658294,75,1.0
5,133,6162233.18698013,41841045.995033845,6.789916045929204,75,1.0
5,134,6162233.18698013,57353787.472113,9.307305603639426,75,1.0
5,135,6162233.18698013,52735170.005109705,8.557801758708381,75,1.0
5,136,6162233.18698013,51824608.57445097,8.410036913881894,75,1.0
5,137,6162233.18698013,36428895.419254884,5.911638575480014,75,1.0
5,138,6162233.18698013,45811593.15404817,7.434251798656558,75,1.0
5,139,6162233.18698013,32315421.648044106,5.244108859158676,75,1.0
5,140,6162233.18698013,48816793.40605119,7.921932183480774,75,1.0
5,141,6162233.18698013,50979370.83084833,8.2728727206494,75,1.0
5,142,6162233.18698013,30288840.01304384,4.915237559824837,75,1.0
5,143,6162233.18698013,26930428.056763515,4.3702383924164785,75,1.0
5,144,6162233.18698013,35497936.94279961,5.76056372189897,75,1.0
5,145,6162233.18698013,42218006.62869659,6.851088777019486,75,1.0
5,146,6162233.18698013,33080937.48247352,5.3683358741387055,75,1.0
5,147,6162233.18698013,47840534.56316441,7.763506039376155,75,1.0
5,148,6162233.18698013,20399453.057070762,3.310399401984938,75,1.0
5,149,6162233.18698013,18259685.593589235,2.963160438681418,75,1.0
5,150,6162233.18698013,43832493.209514946,7.113085772561544,75,1.0
5,151,6162233.18698013,36394696.13729725,5.906088755971416,75,1.0
5,152,6162233.18698013,35060761.41236704,5.689619387731892,75,1.0
5,153,6162233.18698013,25974560.962878786,4.215121397508799,75,1.0
5,154,6162233.18698013,34842368.708404124,5.65417887496059,75,1.0
5,155,6162233.18698013,17373754.8488285,2.819392632777452,75,1.0
5,156,6162233.18698013,36125097.88871199,5.862338667260901,75,1.0
5,157,6162233.18698013,37014008.54144141,6.006590049147512,75,1.0
5,158,6162233.18698013,11599910.866196332,1.8824199789623663,75,1.0
5,159,6162233.18698013,23347114.758257344,3.7887424980259232,75,1.0
5,160,6162233.18698013,19172336.57054851,3.111264372639576,75,1.0
5,161,6162233.18698013,27467097.321053155,4.457328453439086,75,1.0
5,162,6162233.18698013,22177341.9924209,3.5989131406578836,75,1.0
5,163,6162233.18698013,33661869.904616445,5.462608908688964,75,1.0
5,164,6162233.18698013,13807054.066596884,2.240592598113474,75,1.0
5,165,6162233.18698013,14924795.40178007,2.4219783557223886,75,1.0
5,166,6162233.18698013,33424577.35716889,5.42410135140455,75,1.0
5,167,6162233.18698013,19289623.147556916,3.130297501287842,75,1.0
5,168,6162233.18698013,24858135.117300138,4.033949116015543,75,1.0
5,169,6162233.18698013,15262402.584698252,2.4767648548168233,75,1.0
5,170,6162233.18698013,29560596.032420415,4.797058977722151,75,1.0
5,171,6162233.18698013,11655459.967883766,1.8914344222659403,75,1.0
5,172,6162233.18698013,32138339.761788066,5.21537221760636,75,1.0
5,173,6162233.18698013,28847460.406156693,4.681332161708361,75,1.0
5,174,6162233.18698013,5474560.099458952,0.8884052150161849,75,1.0
