actual_outer,start_objective,c,k,ck_cost,beta,post_objective,objective_delta,gap_to_direct_optimum,improves,raw_full_step_objective,linear_residual_approx,e_rel_to_exact,exact_after_objective,exact_step_norm,last_cycle_pre_residual_ratio,last_cycle_post_residual_ratio,regime
1,3350168.410825497,2,100,200,1.0,981447090.0653876,978096921.6545621,981446982.146327,False,981447090.0653876,4009056440.1911416,0.6107606220392588,902153322.0538718,699.3488142897845,0.09676196644501779,0.09676198687320509,large
1,3350168.410825497,2,100,200,0.7,250832973.98238966,247482805.57156417,250832866.06332907,False,981447090.0653876,4009056440.1911416,0.6107606220392588,902153322.0538718,699.3488142897845,0.09676196644501779,0.09676198687320509,large
1,3350168.410825497,2,100,200,0.5,70025441.16774371,66675272.756918214,70025333.24868314,False,981447090.0653876,4009056440.1911416,0.6107606220392588,902153322.0538718,699.3488142897845,0.09676196644501779,0.09676198687320509,large
1,3350168.410825497,2,100,200,0.3,11685570.513222348,8335402.102396851,11685462.594161773,False,981447090.0653876,4009056440.1911416,0.6107606220392588,902153322.0538718,699.3488142897845,0.09676196644501779,0.09676198687320509,large
1,3350168.410825497,2,100,200,0.2,4400798.824767427,1050630.4139419296,4400690.905706853,False,981447090.0653876,4009056440.1911416,0.6107606220392588,902153322.0538718,699.3488142897845,0.09676196644501779,0.09676198687320509,large
1,3350168.410825497,2,100,200,0.1,2914639.230668818,-435529.1801566789,2914531.311608244,True,981447090.0653876,4009056440.1911416,0.6107606220392588,902153322.0538718,699.3488142897845,0.09676196644501779,0.09676198687320509,large
1,3350168.410825497,2,100,200,0.05,3046375.3626177837,-303793.0482077133,3046267.44355721,True,981447090.0653876,4009056440.1911416,0.6107606220392588,902153322.0538718,699.3488142897845,0.09676196644501779,0.09676198687320509,large
1,3350168.410825497,2,100,200,0.02,3219466.159909762,-130702.25091573503,3219358.240849188,True,981447090.0653876,4009056440.1911416,0.6107606220392588,902153322.0538718,699.3488142897845,0.09676196644501779,0.09676198687320509,large
1,3350168.410825497,2,100,200,0.01,3283893.1476315926,-66275.26319390442,3283785.2285710187,True,981447090.0653876,4009056440.1911416,0.6107606220392588,902153322.0538718,699.3488142897845,0.09676196644501779,0.09676198687320509,large
1,3350168.410825497,2,100,200,0.005,3316840.211605555,-33328.19921994209,3316732.292544981,True,981447090.0653876,4009056440.1911416,0.6107606220392588,902153322.0538718,699.3488142897845,0.09676196644501779,0.09676198687320509,large
1,3350168.410825497,2,100,200,0.002,3336795.7325036293,-13372.678321867716,3336687.8134430554,True,981447090.0653876,4009056440.1911416,0.6107606220392588,902153322.0538718,699.3488142897845,0.09676196644501779,0.09676198687320509,large
1,3350168.410825497,2,100,200,0.001,3343475.4982385007,-6692.912586996332,3343367.5791779268,True,981447090.0653876,4009056440.1911416,0.6107606220392588,902153322.0538718,699.3488142897845,0.09676196644501779,0.09676198687320509,large
2,2914639.230668818,2,100,200,1.0,80454957.41825357,77540318.18758476,80454849.499193,False,80454957.41825357,2358817964.6891537,0.530169937737879,1036563307.3755732,660.4367091754297,0.7266887205405405,0.7266887139846784,large
2,2914639.230668818,2,100,200,0.7,20774951.686465155,17860312.45579634,20774843.767404582,False,80454957.41825357,2358817964.6891537,0.530169937737879,1036563307.3755732,660.4367091754297,0.7266887205405405,0.7266887139846784,large
2,2914639.230668818,2,100,200,0.5,6534278.287358754,3619639.056689936,6534170.36829818,False,80454957.41825357,2358817964.6891537,0.530169937737879,1036563307.3755732,660.4367091754297,0.7266887205405405,0.7266887139846784,large
2,2914639.230668818,2,100,200,0.3,2421258.781623972,-493380.449044846,2421150.862563398,True,80454957.41825357,2358817964.6891537,0.530169937737879,1036563307.3755732,660.4367091754297,0.7266887205405405,0.7266887139846784,large
2,2914639.230668818,2,100,200,0.2,2153368.7429367234,-761270.4877320947,2153260.8238761495,True,80454957.41825357,2358817964.6891537,0.530169937737879,1036563307.3755732,660.4367091754297,0.7266887205405405,0.7266887139846784,large
2,2914639.230668818,2,100,200,0.1,2394531.020929354,-520108.20973946434,2394423.10186878,True,80454957.41825357,2358817964.6891537,0.530169937737879,1036563307.3755732,660.4367091754297,0.7266887205405405,0.7266887139846784,large
2,2914639.230668818,2,100,200,0.05,2624519.230477258,-290120.00019156,2624411.311416684,True,80454957.41825357,2358817964.6891537,0.530169937737879,1036563307.3755732,660.4367091754297,0.7266887205405405,0.7266887139846784,large
2,2914639.230668818,2,100,200,0.02,2791066.1759933825,-123573.05467543565,2790958.2569328086,True,80454957.41825357,2358817964.6891537,0.530169937737879,1036563307.3755732,660.4367091754297,0.7266887205405405,0.7266887139846784,large
2,2914639.230668818,2,100,200,0.01,2851533.1358385375,-63106.094830280636,2851425.2167779636,True,80454957.41825357,2358817964.6891537,0.530169937737879,1036563307.3755732,660.4367091754297,0.7266887205405405,0.7266887139846784,large
2,2914639.230668818,2,100,200,0.005,2882748.277903512,-31890.952765305992,2882640.358842938,True,80454957.41825357,2358817964.6891537,0.530169937737879,1036563307.3755732,660.4367091754297,0.7266887205405405,0.7266887139846784,large
2,2914639.230668818,2,100,200,0.002,2901800.629485535,-12838.601183283143,2901692.710424961,True,80454957.41825357,2358817964.6891537,0.530169937737879,1036563307.3755732,660.4367091754297,0.7266887205405405,0.7266887139846784,large
2,2914639.230668818,2,100,200,0.001,2908206.1291095642,-6433.101559253875,2908098.2100489903,True,80454957.41825357,2358817964.6891537,0.530169937737879,1036563307.3755732,660.4367091754297,0.7266887205405405,0.7266887139846784,large
3,2153368.7429367234,2,100,200,1.0,59043161.06879821,56889792.325861484,59043053.149737634,False,59043161.06879821,1907028520.9183476,0.4481965249447672,882120142.4337198,574.1900248165331,0.15342824955240042,0.1534282887676703,large
3,2153368.7429367234,2,100,200,0.7,11840047.610697918,9686678.867761195,11839939.691637343,False,59043161.06879821,1907028520.9183476,0.4481965249447672,882120142.4337198,574.1900248165331,0.15342824955240042,0.1534282887676703,large
3,2153368.7429367234,2,100,200,0.5,2588939.029568601,435570.28663187753,2588831.110508027,False,59043161.06879821,1907028520.9183476,0.4481965249447672,882120142.4337198,574.1900248165331,0.15342824955240042,0.1534282887676703,large
3,2153368.7429367234,2,100,200,0.3,960463.4784003712,-1192905.2645363524,960355.5593397971,True,59043161.06879821,1907028520.9183476,0.4481965249447672,882120142.4337198,574.1900248165331,0.15342824955240042,0.1534282887676703,large
3,2153368.7429367234,2,100,200,0.2,1260869.459449457,-892499.2834872664,1260761.5403888829,True,59043161.06879821,1907028520.9183476,0.4481965249447672,882120142.4337198,574.1900248165331,0.15342824955240042,0.1534282887676703,large
3,2153368.7429367234,2,100,200,0.1,1732359.4069471818,-421009.3359895416,1732251.4878866076,True,59043161.06879821,1907028520.9183476,0.4481965249447672,882120142.4337198,574.1900248165331,0.15342824955240042,0.1534282887676703,large
3,2153368.7429367234,2,100,200,0.05,1956875.9342921902,-196492.80864453316,1956768.015231616,True,59043161.06879821,1907028520.9183476,0.4481965249447672,882120142.4337198,574.1900248165331,0.15342824955240042,0.1534282887676703,large
3,2153368.7429367234,2,100,200,0.02,2078573.4982777832,-74795.24465894024,2078465.579217209,True,59043161.06879821,1907028520.9183476,0.4481965249447672,882120142.4337198,574.1900248165331,0.15342824955240042,0.1534282887676703,large
3,2153368.7429367234,2,100,200,0.01,2116619.129389833,-36749.61354689021,2116511.2103292593,True,59043161.06879821,1907028520.9183476,0.4481965249447672,882120142.4337198,574.1900248165331,0.15342824955240042,0.1534282887676703,large
3,2153368.7429367234,2,100,200,0.005,2135156.256266616,-18212.48667010758,2135048.337206042,True,59043161.06879821,1907028520.9183476,0.4481965249447672,882120142.4337198,574.1900248165331,0.15342824955240042,0.1534282887676703,large
3,2153368.7429367234,2,100,200,0.002,2146122.6934654824,-7246.049471240956,2146014.7744049085,True,59043161.06879821,1907028520.9183476,0.4481965249447672,882120142.4337198,574.1900248165331,0.15342824955240042,0.1534282887676703,large
3,2153368.7429367234,2,100,200,0.001,2149752.205924196,-3616.537012527231,2149644.2868636223,True,59043161.06879821,1907028520.9183476,0.4481965249447672,882120142.4337198,574.1900248165331,0.15342824955240042,0.1534282887676703,large
4,960463.4784003712,1,100,100,1.0,5742198.356177913,4781734.877777542,5742090.437117339,False,5742198.356177913,17887446775.230347,0.6922988409203727,420518756.6141089,442.43199047031965,55.57802195033884,55.578036343570254,mid
4,960463.4784003712,1,100,100,0.7,641478.3585488893,-318985.11985148187,641370.4394883153,True,5742198.356177913,17887446775.230347,0.6922988409203727,420518756.6141089,442.43199047031965,55.57802195033884,55.578036343570254,mid
4,960463.4784003712,1,100,100,0.5,1152031.9702467127,191568.49184634152,1151924.0511861385,False,5742198.356177913,17887446775.230347,0.6922988409203727,420518756.6141089,442.43199047031965,55.57802195033884,55.578036343570254,mid
4,960463.4784003712,1,100,100,0.3,1354039.0020797786,393575.52367940743,1353931.0830192044,False,5742198.356177913,17887446775.230347,0.6922988409203727,420518756.6141089,442.43199047031965,55.57802195033884,55.578036343570254,mid
4,960463.4784003712,1,100,100,0.2,1151671.361151454,191207.88275108289,1151563.44209088,False,5742198.356177913,17887446775.230347,0.6922988409203727,420518756.6141089,442.43199047031965,55.57802195033884,55.578036343570254,mid
4,960463.4784003712,1,100,100,0.1,922365.6500059218,-38097.828394449316,922257.7309453478,True,5742198.356177913,17887446775.230347,0.6922988409203727,420518756.6141089,442.43199047031965,55.57802195033884,55.578036343570254,mid
4,960463.4784003712,1,100,100,0.05,884696.6915155005,-75766.78688487061,884588.7724549265,True,5742198.356177913,17887446775.230347,0.6922988409203727,420518756.6141089,442.43199047031965,55.57802195033884,55.578036343570254,mid
4,960463.4784003712,1,100,100,0.02,913123.1857809954,-47340.292619375745,913015.2667204214,True,5742198.356177913,17887446775.230347,0.6922988409203727,420518756.6141089,442.43199047031965,55.57802195033884,55.578036343570254,mid
4,960463.4784003712,1,100,100,0.01,933651.2935561868,-26812.184844184318,933543.3744956128,True,5742198.356177913,17887446775.230347,0.6922988409203727,420518756.6141089,442.43199047031965,55.57802195033884,55.578036343570254,mid
4,960463.4784003712,1,100,100,0.005,946242.6237709484,-14220.85462942277,946134.7047103744,True,5742198.356177913,17887446775.230347,0.6922988409203727,420518756.6141089,442.43199047031965,55.57802195033884,55.578036343570254,mid
4,960463.4784003712,1,100,100,0.002,954575.8066804677,-5887.671719903476,954467.8876198936,True,5742198.356177913,17887446775.230347,0.6922988409203727,420518756.6141089,442.43199047031965,55.57802195033884,55.578036343570254,mid
4,960463.4784003712,1,100,100,0.001,957486.1035455927,-2977.3748547784053,957378.1844850187,True,5742198.356177913,17887446775.230347,0.6922988409203727,420518756.6141089,442.43199047031965,55.57802195033884,55.578036343570254,mid
5,641478.3585488893,1,100,100,1.0,5697483.603769529,5056005.24522064,5697375.684708955,False,5697483.603769529,4045538388.8346105,0.7992293067941635,20946765.13056441,296.6025339637732,7.381946589958142,7.381949675423403,mid
5,641478.3585488893,1,100,100,0.7,791377.485006544,149899.12645765475,791269.56594597,False,5697483.603769529,4045538388.8346105,0.7992293067941635,20946765.13056441,296.6025339637732,7.381946589958142,7.381949675423403,mid
5,641478.3585488893,1,100,100,0.5,191318.41148944857,-450159.9470594407,191210.49242887454,True,5697483.603769529,4045538388.8346105,0.7992293067941635,20946765.13056441,296.6025339637732,7.381946589958142,7.381949675423403,mid
5,641478.3585488893,1,100,100,0.3,324627.13331010443,-316851.22523878486,324519.2142495304,True,5697483.603769529,4045538388.8346105,0.7992293067941635,20946765.13056441,296.6025339637732,7.381946589958142,7.381949675423403,mid
5,641478.3585488893,1,100,100,0.2,447660.21985234355,-193818.13869654574,447552.3007917695,True,5697483.603769529,4045538388.8346105,0.7992293067941635,20946765.13056441,296.6025339637732,7.381946589958142,7.381949675423403,mid
5,641478.3585488893,1,100,100,0.1,553972.5223239446,-87505.83622494468,553864.6032633706,True,5697483.603769529,4045538388.8346105,0.7992293067941635,20946765.13056441,296.6025339637732,7.381946589958142,7.381949675423403,mid
5,641478.3585488893,1,100,100,0.05,599004.9181299981,-42473.44041889114,598896.9990694241,True,5697483.603769529,4045538388.8346105,0.7992293067941635,20946765.13056441,296.6025339637732,7.381946589958142,7.381949675423403,mid
5,641478.3585488893,1,100,100,0.02,624548.5236221118,-16929.83492677752,624440.6045615377,True,5697483.603769529,4045538388.8346105,0.7992293067941635,20946765.13056441,296.6025339637732,7.381946589958142,7.381949675423403,mid
5,641478.3585488893,1,100,100,0.01,632998.1465002255,-8480.212048663758,632890.2274396515,True,5697483.603769529,4045538388.8346105,0.7992293067941635,20946765.13056441,296.6025339637732,7.381946589958142,7.381949675423403,mid
5,641478.3585488893,1,100,100,0.005,637231.8497368342,-4246.508812055108,637123.9306762601,True,5697483.603769529,4045538388.8346105,0.7992293067941635,20946765.13056441,296.6025339637732,7.381946589958142,7.381949675423403,mid
5,641478.3585488893,1,100,100,0.002,639777.8772259371,-1700.481322952197,639669.9581653631,True,5697483.603769529,4045538388.8346105,0.7992293067941635,20946765.13056441,296.6025339637732,7.381946589958142,7.381949675423403,mid
5,641478.3585488893,1,100,100,0.001,640627.7760350027,-850.5825138866203,640519.8569744286,True,5697483.603769529,4045538388.8346105,0.7992293067941635,20946765.13056441,296.6025339637732,7.381946589958142,7.381949675423403,mid
6,191318.41148944857,1,100,100,1.0,2224662.273317987,2033343.8618285386,2224554.354257413,False,2224662.273317987,7813812253.708077,0.8779635128624756,1549225.4393107963,245.28911268632865,12.519438414342362,12.519442664411986,mid
6,191318.41148944857,1,100,100,0.7,1406259.261348147,1214940.8498586984,1406151.3422875728,False,2224662.273317987,7813812253.708077,0.8779635128624756,1549225.4393107963,245.28911268632865,12.519438414342362,12.519442664411986,mid
6,191318.41148944857,1,100,100,0.5,819858.7254239608,628540.3139345122,819750.8063633868,False,2224662.273317987,7813812253.708077,0.8779635128624756,1549225.4393107963,245.28911268632865,12.519438414342362,12.519442664411986,mid
6,191318.41148944857,1,100,100,0.3,343545.5225202525,152227.11103080394,343437.6034596785,False,2224662.273317987,7813812253.708077,0.8779635128624756,1549225.4393107963,245.28911268632865,12.519438414342362,12.519442664411986,mid
6,191318.41148944857,1,100,100,0.2,194978.95002512922,3660.538535680651,194871.0309645552,False,2224662.273317987,7813812253.708077,0.8779635128624756,1549225.4393107963,245.28911268632865,12.519438414342362,12.519442664411986,mid
6,191318.41148944857,1,100,100,0.1,135942.67703569724,-55375.73445375133,135834.7579751232,True,2224662.273317987,7813812253.708077,0.8779635128624756,1549225.4393107963,245.28911268632865,12.519438414342362,12.519442664411986,mid
6,191318.41148944857,1,100,100,0.05,147694.8238488444,-43623.58764060418,147586.90478827036,True,2224662.273317987,7813812253.708077,0.8779635128624756,1549225.4393107963,245.28911268632865,12.519438414342362,12.519442664411986,mid
6,191318.41148944857,1,100,100,0.02,169827.92782298764,-21490.483666460932,169720.0087624136,True,2224662.273317987,7813812253.708077,0.8779635128624756,1549225.4393107963,245.28911268632865,12.519438414342362,12.519442664411986,mid
6,191318.41148944857,1,100,100,0.01,179881.31779966108,-11437.093689787493,179773.39873908705,True,2224662.273317987,7813812253.708077,0.8779635128624756,1549225.4393107963,245.28911268632865,12.519438414342362,12.519442664411986,mid
6,191318.41148944857,1,100,100,0.005,185425.16769524384,-5893.243794204725,185317.2486346698,True,2224662.273317987,7813812253.708077,0.8779635128624756,1549225.4393107963,245.28911268632865,12.519438414342362,12.519442664411986,mid
6,191318.41148944857,1,100,100,0.002,188918.96402372955,-2399.447465719015,188811.04496315552,True,2224662.273317987,7813812253.708077,0.8779635128624756,1549225.4393107963,245.28911268632865,12.519438414342362,12.519442664411986,mid
6,191318.41148944857,1,100,100,0.001,190111.64417823232,-1206.7673112162447,190003.7251176583,True,2224662.273317987,7813812253.708077,0.8779635128624756,1549225.4393107963,245.28911268632865,12.519438414342362,12.519442664411986,mid
7,135942.67703569724,1,100,100,1.0,45427.35079678283,-90515.32623891442,45319.43173620879,True,45427.35079678283,3304417526.129725,0.9398575353373962,1414931.846818326,239.6741973899402,17.406428820380704,17.406433241573833,mid
7,135942.67703569724,1,100,100,0.7,51486.62881707024,-84456.048218627,51378.7097564962,True,45427.35079678283,3304417526.129725,0.9398575353373962,1414931.846818326,239.6741973899402,17.406428820380704,17.406433241573833,mid
7,135942.67703569724,1,100,100,0.5,102782.12613210562,-33160.55090359162,102674.2070715316,True,45427.35079678283,3304417526.129725,0.9398575353373962,1414931.846818326,239.6741973899402,17.406428820380704,17.406433241573833,mid
7,135942.67703569724,1,100,100,0.3,127961.1286176233,-7981.548418073944,127853.20955704927,True,45427.35079678283,3304417526.129725,0.9398575353373962,1414931.846818326,239.6741973899402,17.406428820380704,17.406433241573833,mid
7,135942.67703569724,1,100,100,0.2,129524.95084945744,-6417.726186239801,129417.03178888341,True,45427.35079678283,3304417526.129725,0.9398575353373962,1414931.846818326,239.6741973899402,17.406428820380704,17.406433241573833,mid
7,135942.67703569724,1,100,100,0.1,129436.93433929957,-6505.742696397676,129329.01527872554,True,45427.35079678283,3304417526.129725,0.9398575353373962,1414931.846818326,239.6741973899402,17.406428820380704,17.406433241573833,mid
7,135942.67703569724,1,100,100,0.05,131226.14263095078,-4716.5344047464605,131118.22357037675,True,45427.35079678283,3304417526.129725,0.9398575353373962,1414931.846818326,239.6741973899402,17.406428820380704,17.406433241573833,mid
7,135942.67703569724,1,100,100,0.02,133611.50044893436,-2331.1765867628856,133503.58138836033,True,45427.35079678283,3304417526.129725,0.9398575353373962,1414931.846818326,239.6741973899402,17.406428820380704,17.406433241573833,mid
7,135942.67703569724,1,100,100,0.01,134694.7448868863,-1247.9321488109417,134586.82582631227,True,45427.35079678283,3304417526.129725,0.9398575353373962,1414931.846818326,239.6741973899402,17.406428820380704,17.406433241573833,mid
7,135942.67703569724,1,100,100,0.005,135297.32922456728,-645.3478111299628,135189.41016399325,True,45427.35079678283,3304417526.129725,0.9398575353373962,1414931.846818326,239.6741973899402,17.406428820380704,17.406433241573833,mid
7,135942.67703569724,1,100,100,0.002,135679.30329222258,-263.3737434746581,135571.38423164855,True,45427.35079678283,3304417526.129725,0.9398575353373962,1414931.846818326,239.6741973899402,17.406428820380704,17.406433241573833,mid
7,135942.67703569724,1,100,100,0.001,135810.10909632448,-132.56793937276234,135702.19003575045,True,45427.35079678283,3304417526.129725,0.9398575353373962,1414931.846818326,239.6741973899402,17.406428820380704,17.406433241573833,mid
8,45427.35079678283,1,100,100,1.0,213957.04536568935,168529.69456890653,213849.12630511532,False,213957.04536568935,1580828771.843426,0.9726114111334603,128895.4555817159,210.76339006074758,3.442464557230361,3.4424654716638323,mid
8,45427.35079678283,1,100,100,0.7,85965.13195395326,40537.78115717043,85857.21289337923,False,213957.04536568935,1580828771.843426,0.9726114111334603,128895.4555817159,210.76339006074758,3.442464557230361,3.4424654716638323,mid
8,45427.35079678283,1,100,100,0.5,36309.626989003955,-9117.723807778872,36201.70792842992,True,213957.04536568935,1580828771.843426,0.9726114111334603,128895.4555817159,210.76339006074758,3.442464557230361,3.4424654716638323,mid
8,45427.35079678283,1,100,100,0.3,16529.260904754137,-28898.08989202869,16421.3418441801,True,213957.04536568935,1580828771.843426,0.9726114111334603,128895.4555817159,210.76339006074758,3.442464557230361,3.4424654716638323,mid
8,45427.35079678283,1,100,100,0.2,18205.63503691889,-27221.715759863935,18097.715976344854,True,213957.04536568935,1580828771.843426,0.9726114111334603,128895.4555817159,210.76339006074758,3.442464557230361,3.4424654716638323,mid
8,45427.35079678283,1,100,100,0.1,27788.928714301892,-17638.422082480934,27681.009653727855,True,213957.04536568935,1580828771.843426,0.9726114111334603,128895.4555817159,210.76339006074758,3.442464557230361,3.4424654716638323,mid
8,45427.35079678283,1,100,100,0.05,35591.94512244606,-9835.40567433677,35484.02606187202,True,213957.04536568935,1580828771.843426,0.9726114111334603,128895.4555817159,210.76339006074758,3.442464557230361,3.4424654716638323,mid
8,45427.35079678283,1,100,100,0.02,41248.10722292202,-4179.243573860804,41140.188162347986,True,213957.04536568935,1580828771.843426,0.9726114111334603,128895.4555817159,210.76339006074758,3.442464557230361,3.4424654716638323,mid
8,45427.35079678283,1,100,100,0.01,43296.782420977506,-2130.56837580532,43188.86336040347,True,213957.04536568935,1580828771.843426,0.9726114111334603,128895.4555817159,210.76339006074758,3.442464557230361,3.4424654716638323,mid
8,45427.35079678283,1,100,100,0.005,44351.82060701233,-1075.5301897704994,44243.90154643829,True,213957.04536568935,1580828771.843426,0.9726114111334603,128895.4555817159,210.76339006074758,3.442464557230361,3.4424654716638323,mid
8,45427.35079678283,1,100,100,0.002,44994.67848268523,-432.6723140975955,44886.759422111194,True,213957.04536568935,1580828771.843426,0.9726114111334603,128895.4555817159,210.76339006074758,3.442464557230361,3.4424654716638323,mid
8,45427.35079678283,1,100,100,0.001,45210.604500157606,-216.74629662522057,45102.68543958357,True,213957.04536568935,1580828771.843426,0.9726114111334603,128895.4555817159,210.76339006074758,3.442464557230361,3.4424654716638323,mid
9,16529.260904754137,1,100,100,1.0,26066.821341583458,9537.56043682932,25958.90228100942,False,26066.821341583458,541647195.2107937,0.9680798740921257,147761.76180858526,207.56817385978417,3.6872452812858754,3.687246315112615,mid
9,16529.260904754137,1,100,100,0.7,18614.70773887528,2085.446834121143,18506.788678301244,False,26066.821341583458,541647195.2107937,0.9680798740921257,147761.76180858526,207.56817385978417,3.6872452812858754,3.687246315112615,mid
9,16529.260904754137,1,100,100,0.5,15746.269449040914,-782.9914557132233,15638.350388466877,True,26066.821341583458,541647195.2107937,0.9680798740921257,147761.76180858526,207.56817385978417,3.6872452812858754,3.687246315112615,mid
9,16529.260904754137,1,100,100,0.3,14653.187951984966,-1876.072952769171,14545.26889141093,True,26066.821341583458,541647195.2107937,0.9680798740921257,147761.76180858526,207.56817385978417,3.6872452812858754,3.687246315112615,mid
9,16529.260904754137,1,100,100,0.2,14798.891560000831,-1730.369344753306,14690.972499426794,True,26066.821341583458,541647195.2107937,0.9680798740921257,147761.76180858526,207.56817385978417,3.6872452812858754,3.687246315112615,mid
9,16529.260904754137,1,100,100,0.1,15420.560700776261,-1108.7002039778763,15312.641640202224,True,26066.821341583458,541647195.2107937,0.9680798740921257,147761.76180858526,207.56817385978417,3.6872452812858754,3.687246315112615,mid
9,16529.260904754137,1,100,100,0.05,15913.333674204407,-615.9272305497307,15805.41461363037,True,26066.821341583458,541647195.2107937,0.9680798740921257,147761.76180858526,207.56817385978417,3.6872452812858754,3.687246315112615,mid
9,16529.260904754137,1,100,100,0.02,16268.02151473102,-261.2393900231182,16160.102454156982,True,26066.821341583458,541647195.2107937,0.9680798740921257,147761.76180858526,207.56817385978417,3.6872452812858754,3.687246315112615,mid
9,16529.260904754137,1,100,100,0.01,16396.15560240904,-133.1053023450986,16288.236541835002,True,26066.821341583458,541647195.2107937,0.9680798740921257,147761.76180858526,207.56817385978417,3.6872452812858754,3.687246315112615,mid
9,16529.260904754137,1,100,100,0.005,16462.08614515011,-67.1747596040259,16354.167084576075,True,26066.821341583458,541647195.2107937,0.9680798740921257,147761.76180858526,207.56817385978417,3.6872452812858754,3.687246315112615,mid
9,16529.260904754137,1,100,100,0.002,16502.24160441225,-27.019300341886265,16394.322543838214,True,26066.821341583458,541647195.2107937,0.9680798740921257,147761.76180858526,207.56817385978417,3.6872452812858754,3.687246315112615,mid
9,16529.260904754137,1,100,100,0.001,16515.726347597338,-13.534557156799565,16407.8072870233,True,26066.821341583458,541647195.2107937,0.9680798740921257,147761.76180858526,207.56817385978417,3.6872452812858754,3.687246315112615,mid
10,14653.187951984966,1,100,100,1.0,1317084.378232321,1302431.190280336,1316976.4591717469,False,1317084.378232321,3783215458.6179724,0.9727547990031573,147910.9801057111,204.47924286060754,14.361641256366081,14.361639562859777,mid
10,14653.187951984966,1,100,100,0.7,609573.2185092581,594920.0305572732,609465.2994486841,False,1317084.378232321,3783215458.6179724,0.9727547990031573,147910.9801057111,204.47924286060754,14.361641256366081,14.361639562859777,mid
10,14653.187951984966,1,100,100,0.5,288043.902372558,273390.71442057303,287935.983311984,False,1317084.378232321,3783215458.6179724,0.9727547990031573,147910.9801057111,204.47924286060754,14.361641256366081,14.361639562859777,mid
10,14653.187951984966,1,100,100,0.3,87415.23699858588,72762.04904660092,87307.31793801185,False,1317084.378232321,3783215458.6179724,0.9727547990031573,147910.9801057111,204.47924286060754,14.361641256366081,14.361639562859777,mid
10,14653.187951984966,1,100,100,0.2,32651.24734650702,17998.059394522053,32543.328285932985,False,1317084.378232321,3783215458.6179724,0.9727547990031573,147910.9801057111,204.47924286060754,14.361641256366081,14.361639562859777,mid
10,14653.187951984966,1,100,100,0.1,8368.464504758213,-6284.723447226754,8260.545444184176,True,1317084.378232321,3783215458.6179724,0.9727547990031573,147910.9801057111,204.47924286060754,14.361641256366081,14.361639562859777,mid
10,14653.187951984966,1,100,100,0.05,7684.47678428368,-6968.711167701286,7576.557723709644,True,1317084.378232321,3783215458.6179724,0.9727547990031573,147910.9801057111,204.47924286060754,14.361641256366081,14.361639562859777,mid
10,14653.187951984966,1,100,100,0.02,10946.685396474973,-3706.502555509993,10838.766335900937,True,1317084.378232321,3783215458.6179724,0.9727547990031573,147910.9801057111,204.47924286060754,14.361641256366081,14.361639562859777,mid
10,14653.187951984966,1,100,100,0.01,12646.709074984852,-2006.4788770001142,12538.790014410815,True,1317084.378232321,3783215458.6179724,0.9727547990031573,147910.9801057111,204.47924286060754,14.361641256366081,14.361639562859777,mid
10,14653.187951984966,1,100,100,0.005,13611.636180797044,-1041.551771187922,13503.717120223007,True,1317084.378232321,3783215458.6179724,0.9727547990031573,147910.9801057111,204.47924286060754,14.361641256366081,14.361639562859777,mid
10,14653.187951984966,1,100,100,0.002,14227.371588095215,-425.8163638897513,14119.452527521178,True,1317084.378232321,3783215458.6179724,0.9727547990031573,147910.9801057111,204.47924286060754,14.361641256366081,14.361639562859777,mid
10,14653.187951984966,1,100,100,0.001,14438.747102820986,-214.4408491639806,14330.828042246949,True,1317084.378232321,3783215458.6179724,0.9727547990031573,147910.9801057111,204.47924286060754,14.361641256366081,14.361639562859777,mid
11,7684.47678428368,1,100,100,1.0,655.145216428347,-7029.331567855333,547.226155854311,True,655.145216428347,28164237.27812528,0.9734471346938723,135381.13860429823,203.96447758673384,0.4605822958764745,0.46058110087677784,mid
11,7684.47678428368,1,100,100,0.7,1588.3417590851057,-6096.135025198574,1480.4226985110697,True,655.145216428347,28164237.27812528,0.9734471346938723,135381.13860429823,203.96447758673384,0.4605822958764745,0.46058110087677784,mid
11,7684.47678428368,1,100,100,0.5,2766.256981099891,-4918.219803183789,2658.337920525855,True,655.145216428347,28164237.27812528,0.9734471346938723,135381.13860429823,203.96447758673384,0.4605822958764745,0.46058110087677784,mid
11,7684.47678428368,1,100,100,0.3,4393.005216540165,-3291.471567743515,4285.086155966129,True,655.145216428347,28164237.27812528,0.9734471346938723,135381.13860429823,203.96447758673384,0.4605822958764745,0.46058110087677784,mid
11,7684.47678428368,1,100,100,0.2,5376.035987526559,-2308.4407967571206,5268.1169269525235,True,655.145216428347,28164237.27812528,0.9734471346938723,135381.13860429823,203.96447758673384,0.4605822958764745,0.46058110087677784,mid
11,7684.47678428368,1,100,100,0.1,6472.974482721972,-1211.502301561708,6365.055422147936,True,655.145216428347,28164237.27812528,0.9734471346938723,135381.13860429823,203.96447758673384,0.4605822958764745,0.46058110087677784,mid
11,7684.47678428368,1,100,100,0.05,7064.362483798578,-620.1143004851019,6956.443423224542,True,655.145216428347,28164237.27812528,0.9734471346938723,135381.13860429823,203.96447758673384,0.4605822958764745,0.46058110087677784,mid
11,7684.47678428368,1,100,100,0.02,7432.978292481001,-251.49849180267938,7325.059231906965,True,655.145216428347,28164237.27812528,0.9734471346938723,135381.13860429823,203.96447758673384,0.4605822958764745,0.46058110087677784,mid
11,7684.47678428368,1,100,100,0.01,7558.151602089666,-126.3251821940139,7450.23254151563,True,655.145216428347,28164237.27812528,0.9734471346938723,135381.13860429823,203.96447758673384,0.4605822958764745,0.46058110087677784,mid
11,7684.47678428368,1,100,100,0.005,7621.170164356282,-63.30661992739806,7513.251103782246,True,655.145216428347,28164237.27812528,0.9734471346938723,135381.13860429823,203.96447758673384,0.4605822958764745,0.46058110087677784,mid
11,7684.47678428368,1,100,100,0.002,7659.119563643781,-25.357220639899424,7551.200503069745,True,655.145216428347,28164237.27812528,0.9734471346938723,135381.13860429823,203.96447758673384,0.4605822958764745,0.46058110087677784,mid
11,7684.47678428368,1,100,100,0.001,7671.792411365423,-12.684372918257395,7563.873350791387,True,655.145216428347,28164237.27812528,0.9734471346938723,135381.13860429823,203.96447758673384,0.4605822958764745,0.46058110087677784,mid
12,655.145216428347,3,50,150,1.0,44248.76244453527,43593.61722810692,44140.84338396123,False,44248.76244453527,561721398.4183115,0.8345302110493926,142839.91325640943,196.0331750067619,0.30539101358001075,0.30539106769983004,low
12,655.145216428347,3,50,150,0.7,19180.021060618947,18524.8758441906,19072.10200004491,False,44248.76244453527,561721398.4183115,0.8345302110493926,142839.91325640943,196.0331750067619,0.30539101358001075,0.30539106769983004,low
12,655.145216428347,3,50,150,0.5,8946.614982009984,8291.469765581636,8838.695921435947,False,44248.76244453527,561721398.4183115,0.8345302110493926,142839.91325640943,196.0331750067619,0.30539101358001075,0.30539106769983004,low
12,655.145216428347,3,50,150,0.3,3013.381953841683,2358.236737413336,2905.462893267647,False,44248.76244453527,561721398.4183115,0.8345302110493926,142839.91325640943,196.0331750067619,0.30539101358001075,0.30539106769983004,low
12,655.145216428347,3,50,150,0.2,1438.1404305044591,782.9952140761121,1330.2213699304232,False,44248.76244453527,561721398.4183115,0.8345302110493926,142839.91325640943,196.0331750067619,0.30539101358001075,0.30539106769983004,low
12,655.145216428347,3,50,150,0.1,678.7072307186039,23.56201429025691,570.7881701445679,False,44248.76244453527,561721398.4183115,0.8345302110493926,142839.91325640943,196.0331750067619,0.30539101358001075,0.30539106769983004,low
12,655.145216428347,3,50,150,0.05,579.8162514908582,-75.32896493748876,471.8971909168222,True,44248.76244453527,561721398.4183115,0.8345302110493926,142839.91325640943,196.0331750067619,0.30539101358001075,0.30539106769983004,low
12,655.145216428347,3,50,150,0.02,604.7198175731563,-50.42539885519068,496.80075699912027,True,44248.76244453527,561721398.4183115,0.8345302110493926,142839.91325640943,196.0331750067619,0.30539101358001075,0.30539106769983004,low
12,655.145216428347,3,50,150,0.01,626.6007924332296,-28.544423995117427,518.6817318591935,True,44248.76244453527,561721398.4183115,0.8345302110493926,142839.91325640943,196.0331750067619,0.30539101358001075,0.30539106769983004,low
12,655.145216428347,3,50,150,0.005,640.0447928553804,-15.100423572966633,532.1257322813443,True,44248.76244453527,561721398.4183115,0.8345302110493926,142839.91325640943,196.0331750067619,0.30539101358001075,0.30539106769983004,low
12,655.145216428347,3,50,150,0.002,648.9068791929529,-6.238337235394056,540.9878186189169,True,44248.76244453527,561721398.4183115,0.8345302110493926,142839.91325640943,196.0331750067619,0.30539101358001075,0.30539106769983004,low
12,655.145216428347,3,50,150,0.001,651.9930700415626,-3.152146386784352,544.0740094675266,True,44248.76244453527,561721398.4183115,0.8345302110493926,142839.91325640943,196.0331750067619,0.30539101358001075,0.30539106769983004,low
13,579.8162514908582,3,50,150,1.0,30440.212497401928,29860.39624591107,30332.29343682789,False,30440.212497401928,696077955.7356353,0.7818817158849286,131276.2921326664,194.3660453387593,0.6031424942842353,0.6031426290278867,low
13,579.8162514908582,3,50,150,0.7,17011.423844219662,16431.607592728804,16903.504783645625,False,30440.212497401928,696077955.7356353,0.7818817158849286,131276.2921326664,194.3660453387593,0.6031424942842353,0.6031426290278867,low
13,579.8162514908582,3,50,150,0.5,9466.176076075833,8886.359824584975,9358.257015501797,False,30440.212497401928,696077955.7356353,0.7818817158849286,131276.2921326664,194.3660453387593,0.6031424942842353,0.6031426290278867,low
13,579.8162514908582,3,50,150,0.3,3823.0378130579816,3243.2215615671234,3715.1187524839456,False,30440.212497401928,696077955.7356353,0.7818817158849286,131276.2921326664,194.3660453387593,0.6031424942842353,0.6031426290278867,low
13,579.8162514908582,3,50,150,0.2,1945.549415819023,1365.7331643281645,1837.630355244987,False,30440.212497401928,696077955.7356353,0.7818817158849286,131276.2921326664,194.3660453387593,0.6031424942842353,0.6031426290278867,low
13,579.8162514908582,3,50,150,0.1,829.5773097351076,249.7610582442494,721.6582491610716,False,30440.212497401928,696077955.7356353,0.7818817158849286,131276.2921326664,194.3660453387593,0.6031424942842353,0.6031426290278867,low
13,579.8162514908582,3,50,150,0.05,589.7031556275901,9.886904136731914,481.7840950535541,False,30440.212497401928,696077955.7356353,0.7818817158849286,131276.2921326664,194.3660453387593,0.6031424942842353,0.6031426290278867,low
13,579.8162514908582,3,50,150,0.02,555.2967824257535,-24.519469065104772,447.3777218517174,True,30440.212497401928,696077955.7356353,0.7818817158849286,131276.2921326664,194.3660453387593,0.6031424942842353,0.6031426290278867,low
13,579.8162514908582,3,50,150,0.01,562.7371689473023,-17.079082543555955,454.8181083732662,True,30440.212497401928,696077955.7356353,0.7818817158849286,131276.2921326664,194.3660453387593,0.6031424942842353,0.6031426290278867,low
13,579.8162514908582,3,50,150,0.005,570.0649381706261,-9.751313320232157,462.14587759659,True,30440.212497401928,696077955.7356353,0.7818817158849286,131276.2921326664,194.3660453387593,0.6031424942842353,0.6031426290278867,low
13,579.8162514908582,3,50,150,0.002,575.6240115981271,-4.192239892731095,467.7049510240911,True,30440.212497401928,696077955.7356353,0.7818817158849286,131276.2921326664,194.3660453387593,0.6031424942842353,0.6031426290278867,low
13,579.8162514908582,3,50,150,0.001,577.6714382785233,-2.1448132123349524,469.75237770448723,True,30440.212497401928,696077955.7356353,0.7818817158849286,131276.2921326664,194.3660453387593,0.6031424942842353,0.6031426290278867,low
14,555.2967824257535,3,50,150,1.0,5186849.56054422,5186294.263761794,5186741.641483646,False,5186849.56054422,7018707877.094807,0.7600850234602636,128284.67468909099,193.5064041626214,1.3036401892374438,1.3036403300004955,low
14,555.2967824257535,3,50,150,0.7,2459793.4010800556,2459238.10429763,2459685.4820194817,False,5186849.56054422,7018707877.094807,0.7600850234602636,128284.67468909099,193.5064041626214,1.3036401892374438,1.3036403300004955,low
14,555.2967824257535,3,50,150,0.5,1228050.4277135031,1227495.1309310773,1227942.508652929,False,5186849.56054422,7018707877.094807,0.7600850234602636,128284.67468909099,193.5064041626214,1.3036401892374438,1.3036403300004955,low
14,555.2967824257535,3,50,150,0.3,433107.1448355716,432551.8480531458,432999.22577499755,False,5186849.56054422,7018707877.094807,0.7600850234602636,128284.67468909099,193.5064041626214,1.3036401892374438,1.3036403300004955,low
14,555.2967824257535,3,50,150,0.2,190948.66934074648,190393.37255832073,190840.75028017245,False,5186849.56054422,7018707877.094807,0.7600850234602636,128284.67468909099,193.5064041626214,1.3036401892374438,1.3036403300004955,low
14,555.2967824257535,3,50,150,0.1,47867.66059015217,47312.36380772642,47759.74152957813,False,5186849.56054422,7018707877.094807,0.7600850234602636,128284.67468909099,193.5064041626214,1.3036401892374438,1.3036403300004955,low
14,555.2967824257535,3,50,150,0.05,12445.937199370974,11890.64041694522,12338.018138796937,False,5186849.56054422,7018707877.094807,0.7600850234602636,128284.67468909099,193.5064041626214,1.3036401892374438,1.3036403300004955,low
14,555.2967824257535,3,50,150,0.02,2514.014383628204,1958.7176012024506,2406.095323054168,False,5186849.56054422,7018707877.094807,0.7600850234602636,128284.67468909099,193.5064041626214,1.3036401892374438,1.3036403300004955,low
14,555.2967824257535,3,50,150,0.01,1070.5768344879168,515.2800520621633,962.6577739138808,False,5186849.56054422,7018707877.094807,0.7600850234602636,128284.67468909099,193.5064041626214,1.3036401892374438,1.3036403300004955,low
14,555.2967824257535,3,50,150,0.005,697.121046469243,141.8242640434895,589.2019858952069,False,5186849.56054422,7018707877.094807,0.7600850234602636,128284.67468909099,193.5064041626214,1.3036401892374438,1.3036403300004955,low
14,555.2967824257535,3,50,150,0.002,584.2567956740179,28.96001324826443,476.33773509998184,False,5186849.56054422,7018707877.094807,0.7600850234602636,128284.67468909099,193.5064041626214,1.3036401892374438,1.3036403300004955,low
14,555.2967824257535,3,50,150,0.001,565.1506806977284,9.853898271974913,457.2316201236923,False,5186849.56054422,7018707877.094807,0.7600850234602636,128284.67468909099,193.5064041626214,1.3036401892374438,1.3036403300004955,low
14,555.2967824257535,2,100,200,1.0,35563.59952244933,35008.30274002358,35455.680461875294,False,35563.59952244933,673145513.3365855,0.8608141330647654,128284.67468909099,193.5064041626214,0.05832975171939197,0.058329761824188406,low
14,555.2967824257535,2,100,200,0.7,18342.50460008127,17787.207817655515,18234.585539507232,False,35563.59952244933,673145513.3365855,0.8608141330647654,128284.67468909099,193.5064041626214,0.05832975171939197,0.058329761824188406,low
14,555.2967824257535,2,100,200,0.5,9747.300947811984,9192.00416538623,9639.381887237947,False,35563.59952244933,673145513.3365855,0.8608141330647654,128284.67468909099,193.5064041626214,0.05832975171939197,0.058329761824188406,low
14,555.2967824257535,2,100,200,0.3,3806.0103321169986,3250.713549691245,3698.0912715429627,False,35563.59952244933,673145513.3365855,0.8608141330647654,128284.67468909099,193.5064041626214,0.05832975171939197,0.058329761824188406,low
14,555.2967824257535,2,100,200,0.2,1927.4097936950334,1372.11301126928,1819.4907331209974,False,35563.59952244933,673145513.3365855,0.8608141330647654,128284.67468909099,193.5064041626214,0.05832975171939197,0.058329761824188406,low
14,555.2967824257535,2,100,200,0.1,830.1625192191403,274.8657367933869,722.2434586451043,False,35563.59952244933,673145513.3365855,0.8608141330647654,128284.67468909099,193.5064041626214,0.05832975171939197,0.058329761824188406,low
14,555.2967824257535,2,100,200,0.05,587.335641802706,32.03885937695259,479.41658122867,False,35563.59952244933,673145513.3365855,0.8608141330647654,128284.67468909099,193.5064041626214,0.05832975171939197,0.058329761824188406,low
14,555.2967824257535,2,100,200,0.02,542.4824999870311,-12.81428243872233,434.5634394129951,True,35563.59952244933,673145513.3365855,0.8608141330647654,128284.67468909099,193.5064041626214,0.05832975171939197,0.058329761824188406,low
14,555.2967824257535,2,100,200,0.01,544.5899430431039,-10.706839382649605,436.6708824690678,True,35563.59952244933,673145513.3365855,0.8608141330647654,128284.67468909099,193.5064041626214,0.05832975171939197,0.058329761824188406,low
14,555.2967824257535,2,100,200,0.005,548.8658018288862,-6.4309805968672435,440.94674125485017,True,35563.59952244933,673145513.3365855,0.8608141330647654,128284.67468909099,193.5064041626214,0.05832975171939197,0.058329761824188406,low
14,555.2967824257535,2,100,200,0.002,552.4654378230994,-2.8313446026540987,444.5463772490633,True,35563.59952244933,673145513.3365855,0.8608141330647654,128284.67468909099,193.5064041626214,0.05832975171939197,0.058329761824188406,low
14,555.2967824257535,2,100,200,0.001,553.8379232383016,-1.4588591874518215,445.9188626642656,True,35563.59952244933,673145513.3365855,0.8608141330647654,128284.67468909099,193.5064041626214,0.05832975171939197,0.058329761824188406,low
15,542.4824999870311,3,50,150,1.0,785.5549917568721,243.072491769841,677.6359311828361,False,785.5549917568721,58218510.62156145,0.8115695524445325,130351.24823455712,192.97191246717665,0.5911170242919771,0.5911170298055463,low
15,542.4824999870311,3,50,150,0.7,304.35704769901207,-238.12545228801906,196.43798712497605,True,785.5549917568721,58218510.62156145,0.8115695524445325,130351.24823455712,192.97191246717665,0.5911170242919771,0.5911170298055463,low
15,542.4824999870311,3,50,150,0.5,277.2841260294419,-265.19837395758924,169.36506545540587,True,785.5549917568721,58218510.62156145,0.8115695524445325,130351.24823455712,192.97191246717665,0.5911170242919771,0.5911170298055463,low
15,542.4824999870311,3,50,150,0.3,345.73932089701884,-196.7431790900123,237.82026032298282,True,785.5549917568721,58218510.62156145,0.8115695524445325,130351.24823455712,192.97191246717665,0.5911170242919771,0.5911170298055463,low
15,542.4824999870311,3,50,150,0.2,398.59816037669646,-143.88433961033468,290.6790998026604,True,785.5549917568721,58218510.62156145,0.8115695524445325,130351.24823455712,192.97191246717665,0.5911170242919771,0.5911170298055463,low
15,542.4824999870311,3,50,150,0.1,462.7750363722346,-79.70746361479655,354.85597579819853,True,785.5549917568721,58218510.62156145,0.8115695524445325,130351.24823455712,192.97191246717665,0.5911170242919771,0.5911170298055463,low
15,542.4824999870311,3,50,150,0.05,500.2667379633152,-42.21576202371591,392.34767738927917,True,785.5549917568721,58218510.62156145,0.8115695524445325,130351.24823455712,192.97191246717665,0.5911170242919771,0.5911170298055463,low
15,542.4824999870311,3,50,150,0.02,524.960954601345,-17.52154538568618,417.0418940273089,True,785.5549917568721,58218510.62156145,0.8115695524445325,130351.24823455712,192.97191246717665,0.5911170242919771,0.5911170298055463,low
15,542.4824999870311,3,50,150,0.01,533.6095536376895,-8.872946349341646,425.69049306365343,True,785.5549917568721,58218510.62156145,0.8115695524445325,130351.24823455712,192.97191246717665,0.5911170242919771,0.5911170298055463,low
15,542.4824999870311,3,50,150,0.005,538.0173644392738,-4.465135547757313,430.09830386523777,True,785.5549917568721,58218510.62156145,0.8115695524445325,130351.24823455712,192.97191246717665,0.5911170242919771,0.5911170298055463,low
15,542.4824999870311,3,50,150,0.002,540.6894861208765,-1.793013866154638,432.77042554684044,True,785.5549917568721,58218510.62156145,0.8115695524445325,130351.24823455712,192.97191246717665,0.5911170242919771,0.5911170298055463,low
15,542.4824999870311,3,50,150,0.001,541.5848263306189,-0.8976736564122803,433.6657657565828,True,785.5549917568721,58218510.62156145,0.8115695524445325,130351.24823455712,192.97191246717665,0.5911170242919771,0.5911170298055463,low
16,277.2841260294419,3,50,150,1.0,47268.521515284956,46991.23738925551,47160.60245471092,False,47268.521515284956,644076659.8480268,0.7938440908232408,52409.598797100705,174.4380398415122,0.18217813422400034,0.18217816348074808,low
16,277.2841260294419,3,50,150,0.7,22214.08997618112,21936.80585015168,22106.170915607083,False,47268.521515284956,644076659.8480268,0.7938440908232408,52409.598797100705,174.4380398415122,0.18217813422400034,0.18217816348074808,low
16,277.2841260294419,3,50,150,0.5,11162.955919933847,10885.671793904405,11055.03685935981,False,47268.521515284956,644076659.8480268,0.7938440908232408,52409.598797100705,174.4380398415122,0.18217813422400034,0.18217816348074808,low
16,277.2841260294419,3,50,150,0.3,4139.887957136887,3862.6038311074453,4031.968896562851,False,47268.521515284956,644076659.8480268,0.7938440908232408,52409.598797100705,174.4380398415122,0.18217813422400034,0.18217816348074808,low
16,277.2841260294419,3,50,150,0.2,2011.7861935101305,1734.5020674806885,1903.8671329360945,False,47268.521515284956,644076659.8480268,0.7938440908232408,52409.598797100705,174.4380398415122,0.18217813422400034,0.18217816348074808,low
16,277.2841260294419,3,50,150,0.1,740.2486135571029,462.964487527661,632.3295529830668,False,47268.521515284956,644076659.8480268,0.7938440908232408,52409.598797100705,174.4380398415122,0.18217813422400034,0.18217816348074808,low
16,277.2841260294419,3,50,150,0.05,410.6531965595936,133.3690705301517,302.7341359855576,False,47268.521515284956,644076659.8480268,0.7938440908232408,52409.598797100705,174.4380398415122,0.18217813422400034,0.18217816348074808,low
16,277.2841260294419,3,50,150,0.02,307.4594826478903,30.175356618448404,199.54042207385427,False,47268.521515284956,644076659.8480268,0.7938440908232408,52409.598797100705,174.4380398415122,0.18217813422400034,0.18217816348074808,low
16,277.2841260294419,3,50,150,0.01,288.5408413867396,11.256715357297708,180.62178081270358,False,47268.521515284956,644076659.8480268,0.7938440908232408,52409.598797100705,174.4380398415122,0.18217813422400034,0.18217816348074808,low
16,277.2841260294419,3,50,150,0.005,281.9576494964292,4.673523466987319,174.0385889223932,False,47268.521515284956,644076659.8480268,0.7938440908232408,52409.598797100705,174.4380398415122,0.18217813422400034,0.18217816348074808,low
16,277.2841260294419,3,50,150,0.002,278.9247468583512,1.6406208289093343,171.0056862843152,False,47268.521515284956,644076659.8480268,0.7938440908232408,52409.598797100705,174.4380398415122,0.18217813422400034,0.18217816348074808,low
16,277.2841260294419,3,50,150,0.001,278.06633597139836,0.7822099419564665,170.14727539736234,False,47268.521515284956,644076659.8480268,0.7938440908232408,52409.598797100705,174.4380398415122,0.18217813422400034,0.18217816348074808,low
16,277.2841260294419,2,100,200,1.0,1208.5851457860365,931.3010197565945,1100.6660852120006,False,1208.5851457860365,93253056.49234036,0.8768229148727021,52409.598797100705,174.4380398415122,0.0638076033835016,0.0638076213028943,low
16,277.2841260294419,2,100,200,0.7,660.2440310891233,382.9599050596814,552.3249705150872,False,1208.5851457860365,93253056.49234036,0.8768229148727021,52409.598797100705,174.4380398415122,0.0638076033835016,0.0638076213028943,low
16,277.2841260294419,2,100,200,0.5,436.5015447552623,159.21741872582038,328.5824841812263,False,1208.5851457860365,93253056.49234036,0.8768229148727021,52409.598797100705,174.4380398415122,0.0638076033835016,0.0638076213028943,low
16,277.2841260294419,2,100,200,0.3,310.35817476347177,33.07404873402987,202.43911418943574,False,1208.5851457860365,93253056.49234036,0.8768229148727021,52409.598797100705,174.4380398415122,0.0638076033835016,0.0638076213028943,low
16,277.2841260294419,2,100,200,0.2,279.9670750399388,2.682949010496884,172.04801446590275,False,1208.5851457860365,93253056.49234036,0.8768229148727021,52409.598797100705,174.4380398415122,0.0638076033835016,0.0638076213028943,low
16,277.2841260294419,2,100,200,0.1,269.4045163358555,-7.879609693586417,161.48545576181945,True,1208.5851457860365,93253056.49234036,0.8768229148727021,52409.598797100705,174.4380398415122,0.0638076033835016,0.0638076213028943,low
16,277.2841260294419,2,100,200,0.05,271.12311550504415,-6.161010524397739,163.20405493100813,True,1208.5851457860365,93253056.49234036,0.8768229148727021,52409.598797100705,174.4380398415122,0.0638076033835016,0.0638076213028943,low
16,277.2841260294419,2,100,200,0.02,274.29715454232183,-2.9869714871200586,166.3780939682858,True,1208.5851457860365,93253056.49234036,0.8768229148727021,52409.598797100705,174.4380398415122,0.0638076033835016,0.0638076213028943,low
16,277.2841260294419,2,100,200,0.01,275.70441264286677,-1.579713386575122,167.78535206883075,True,1208.5851457860365,93253056.49234036,0.8768229148727021,52409.598797100705,174.4380398415122,0.0638076033835016,0.0638076213028943,low
16,277.2841260294419,2,100,200,0.005,276.47279323193004,-0.8113327975118523,168.55373265789402,True,1208.5851457860365,93253056.49234036,0.8768229148727021,52409.598797100705,174.4380398415122,0.0638076033835016,0.0638076213028943,low
16,277.2841260294419,2,100,200,0.002,276.9544489643489,-0.3296770650929943,169.03538839031287,True,1208.5851457860365,93253056.49234036,0.8768229148727021,52409.598797100705,174.4380398415122,0.0638076033835016,0.0638076213028943,low
16,277.2841260294419,2,100,200,0.001,277.1184310322843,-0.16569499715757274,169.1993704582483,True,1208.5851457860365,93253056.49234036,0.8768229148727021,52409.598797100705,174.4380398415122,0.0638076033835016,0.0638076213028943,low
17,269.4045163358555,3,50,150,1.0,3948682.5790930423,3948413.1745767063,3948574.6600324684,False,3948682.5790930423,6075623509.851716,0.7657956931610603,48978.69673063731,172.2614147449687,1.8935097558150622,1.893509946717726,low
17,269.4045163358555,3,50,150,0.7,1867797.6812976962,1867528.2767813604,1867689.762237122,False,3948682.5790930423,6075623509.851716,0.7657956931610603,48978.69673063731,172.2614147449687,1.8935097558150622,1.893509946717726,low
17,269.4045163358555,3,50,150,0.5,931849.7984686643,931580.3939523285,931741.8794080903,False,3948682.5790930423,6075623509.851716,0.7657956931610603,48978.69673063731,172.2614147449687,1.8935097558150622,1.893509946717726,low
17,269.4045163358555,3,50,150,0.3,329440.5406618274,329171.13614549156,329332.6216012534,False,3948682.5790930423,6075623509.851716,0.7657956931610603,48978.69673063731,172.2614147449687,1.8935097558150622,1.893509946717726,low
17,269.4045163358555,3,50,150,0.2,146015.090713572,145745.68619723612,145907.17165299796,False,3948682.5790930423,6075623509.851716,0.7657956931610603,48978.69673063731,172.2614147449687,1.8935097558150622,1.893509946717726,low
17,269.4045163358555,3,50,150,0.1,37249.060916413335,36979.65640007748,37141.1418558393,False,3948682.5790930423,6075623509.851716,0.7657956931610603,48978.69673063731,172.2614147449687,1.8935097558150622,1.893509946717726,low
17,269.4045163358555,3,50,150,0.05,9964.776771960487,9695.372255624632,9856.85771138645,False,3948682.5790930423,6075623509.851716,0.7657956931610603,48978.69673063731,172.2614147449687,1.8935097558150622,1.893509946717726,low
17,269.4045163358555,3,50,150,0.02,2059.706653827649,1790.3021374917935,1951.787593253613,False,3948682.5790930423,6075623509.851716,0.7657956931610603,48978.69673063731,172.2614147449687,1.8935097558150622,1.893509946717726,low
17,269.4045163358555,3,50,150,0.01,818.4800787842878,549.0755624484323,710.5610182102517,False,3948682.5790930423,6075623509.851716,0.7657956931610603,48978.69673063731,172.2614147449687,1.8935097558150622,1.893509946717726,low
17,269.4045163358555,3,50,150,0.005,457.60130900280194,188.19679266694646,349.6822484287659,False,3948682.5790930423,6075623509.851716,0.7657956931610603,48978.69673063731,172.2614147449687,1.8935097558150622,1.893509946717726,low
17,269.4045163358555,3,50,150,0.002,323.98415866412796,54.579642328272485,216.06509809009194,False,3948682.5790930423,6075623509.851716,0.7657956931610603,48978.69673063731,172.2614147449687,1.8935097558150622,1.893509946717726,low
17,269.4045163358555,3,50,150,0.001,293.24638829013674,23.84187195428126,185.3273277161007,False,3948682.5790930423,6075623509.851716,0.7657956931610603,48978.69673063731,172.2614147449687,1.8935097558150622,1.893509946717726,low
17,269.4045163358555,2,100,200,1.0,13384.438508463732,13115.033992127877,13276.519447889696,False,13384.438508463732,348174103.1125648,0.8949464889008824,48978.69673063731,172.2614147449687,0.019905102708560912,0.019905103972071854,low
17,269.4045163358555,2,100,200,0.7,6561.41157337572,6292.007057039865,6453.492512801684,False,13384.438508463732,348174103.1125648,0.8949464889008824,48978.69673063731,172.2614147449687,0.019905102708560912,0.019905103972071854,low
17,269.4045163358555,2,100,200,0.5,3487.8006911888,3218.3961748529446,3379.881630614764,False,13384.438508463732,348174103.1125648,0.8949464889008824,48978.69673063731,172.2614147449687,0.019905102708560912,0.019905103972071854,low
17,269.4045163358555,2,100,200,0.3,1480.9484535553727,1211.5439372195171,1373.0293929813367,False,13384.438508463732,348174103.1125648,0.8949464889008824,48978.69673063731,172.2614147449687,0.019905102708560912,0.019905103972071854,low
17,269.4045163358555,2,100,200,0.2,848.4629609752205,579.058444639365,740.5439004011845,False,13384.438508463732,348174103.1125648,0.8949464889008824,48978.69673063731,172.2614147449687,0.019905102708560912,0.019905103972071854,low
17,269.4045163358555,2,100,200,0.1,448.2611637089168,178.85664737306132,340.34210313488074,False,13384.438508463732,348174103.1125648,0.8949464889008824,48978.69673063731,172.2614147449687,0.019905102708560912,0.019905103972071854,low
17,269.4045163358555,2,100,200,0.05,331.83834073673955,62.43382440088408,223.91928016270353,False,13384.438508463732,348174103.1125648,0.8949464889008824,48978.69673063731,172.2614147449687,0.019905102708560912,0.019905103972071854,low
17,269.4045163358555,2,100,200,0.02,287.98466719857805,18.580150862722576,180.06560662454203,False,13384.438508463732,348174103.1125648,0.8949464889008824,48978.69673063731,172.2614147449687,0.019905102708560912,0.019905103972071854,low
17,269.4045163358555,2,100,200,0.01,277.63609838954227,8.231582053686793,169.71703781550625,False,13384.438508463732,348174103.1125648,0.8949464889008824,48978.69673063731,172.2614147449687,0.019905102708560912,0.019905103972071854,low
17,269.4045163358555,2,100,200,0.005,273.2563449972826,3.8518286614271346,165.3372844232466,False,13384.438508463732,348174103.1125648,0.8949464889008824,48978.69673063731,172.2614147449687,0.019905102708560912,0.019905103972071854,low
17,269.4045163358555,2,100,200,0.002,270.8819813450298,1.4774650091743524,162.9629207709938,False,13384.438508463732,348174103.1125648,0.8949464889008824,48978.69673063731,172.2614147449687,0.019905102708560912,0.019905103972071854,low
17,269.4045163358555,2,100,200,0.001,270.1327114692511,0.7281951333956158,162.21365089521507,False,13384.438508463732,348174103.1125648,0.8949464889008824,48978.69673063731,172.2614147449687,0.019905102708560912,0.019905103972071854,low
17,269.4045163358555,2,200,400,1.0,6886.9982765750065,6617.593760239151,6779.0792160009705,False,6886.9982765750065,281451310.1493776,0.900070004558022,48978.69673063731,172.2614147449687,0.0894285065815067,0.08942852026020066,low
17,269.4045163358555,2,200,400,0.7,3706.1373048928567,3436.732788557001,3598.218244318821,False,6886.9982765750065,281451310.1493776,0.900070004558022,48978.69673063731,172.2614147449687,0.0894285065815067,0.08942852026020066,low
17,269.4045163358555,2,200,400,0.5,2128.6338756616524,1859.2293593257968,2020.7148150876164,False,6886.9982765750065,281451310.1493776,0.900070004558022,48978.69673063731,172.2614147449687,0.0894285065815067,0.08942852026020066,low
17,269.4045163358555,2,200,400,0.3,1014.6296426493556,745.2251263135001,906.7105820753195,False,6886.9982765750065,281451310.1493776,0.900070004558022,48978.69673063731,172.2614147449687,0.0894285065815067,0.08942852026020066,low
17,269.4045163358555,2,200,400,0.2,639.4783827591845,370.073866423329,531.5593221851484,False,6886.9982765750065,281451310.1493776,0.900070004558022,48978.69673063731,172.2614147449687,0.0894285065815067,0.08942852026020066,low
17,269.4045163358555,2,200,400,0.1,389.95118162947347,120.54666529361799,282.0321210554374,False,6886.9982765750065,281451310.1493776,0.900070004558022,48978.69673063731,172.2614147449687,0.0894285065815067,0.08942852026020066,low
17,269.4045163358555,2,200,400,0.05,313.3435153386801,43.93899900282463,205.42445476464408,False,6886.9982765750065,281451310.1493776,0.900070004558022,48978.69673063731,172.2614147449687,0.0894285065815067,0.08942852026020066,low
17,269.4045163358555,2,200,400,0.02,283.0325871303565,13.628070794501014,175.11352655632047,False,6886.9982765750065,281451310.1493776,0.900070004558022,48978.69673063731,172.2614147449687,0.0894285065815067,0.08942852026020066,low
17,269.4045163358555,2,200,400,0.01,275.5583486108506,6.153832274995125,167.63928803681458,False,6886.9982765750065,281451310.1493776,0.900070004558022,48978.69673063731,172.2614147449687,0.0894285065815067,0.08942852026020066,low
17,269.4045163358555,2,200,400,0.005,272.3161674319336,2.911651096078117,164.39710685789757,False,6886.9982765750065,281451310.1493776,0.900070004558022,48978.69673063731,172.2614147449687,0.0894285065815067,0.08942852026020066,low
17,269.4045163358555,2,200,400,0.002,270.5294857215917,1.1249693857362217,162.61042514755567,False,6886.9982765750065,281451310.1493776,0.900070004558022,48978.69673063731,172.2614147449687,0.0894285065815067,0.08942852026020066,low
17,269.4045163358555,2,200,400,0.001,269.960383565243,0.555867229387502,162.04132299120695,False,6886.9982765750065,281451310.1493776,0.900070004558022,48978.69673063731,172.2614147449687,0.0894285065815067,0.08942852026020066,low
17,269.4045163358555,2,300,600,1.0,124.63466485902428,-144.7698514768312,16.71560428498826,True,124.63466485902428,20045688.850372586,0.895354443087616,48978.69673063731,172.2614147449687,0.012414881903505919,0.01241489494295806,low
17,269.4045163358555,2,300,600,0.7,144.13656733604816,-125.26794899980732,36.217506762012135,True,124.63466485902428,20045688.850372586,0.895354443087616,48978.69673063731,172.2614147449687,0.012414881903505919,0.01241489494295806,low
17,269.4045163358555,2,300,600,0.5,170.1421752057808,-99.26234113007467,62.22311463174478,True,124.63466485902428,20045688.850372586,0.895354443087616,48978.69673063731,172.2614147449687,0.012414881903505919,0.01241489494295806,low
17,269.4045163358555,2,300,600,0.3,204.29066627125547,-65.1138500646,96.37160569721945,True,124.63466485902428,20045688.850372586,0.895354443087616,48978.69673063731,172.2614147449687,0.012414881903505919,0.01241489494295806,low
17,269.4045163358555,2,300,600,0.2,224.1400142241439,-45.26450211171158,116.22095365010787,True,124.63466485902428,20045688.850372586,0.895354443087616,48978.69673063731,172.2614147449687,0.012414881903505919,0.01241489494295806,low
17,269.4045163358555,2,300,600,0.1,245.82177584113313,-23.582740494722344,137.9027152670971,True,124.63466485902428,20045688.850372586,0.895354443087616,48978.69673063731,172.2614147449687,0.012414881903505919,0.01241489494295806,low
17,269.4045163358555,2,300,600,0.05,257.36868183013974,-12.03583450571574,149.4496212561037,True,124.63466485902428,20045688.850372586,0.895354443087616,48978.69673063731,172.2614147449687,0.012414881903505919,0.01241489494295806,low
17,269.4045163358555,2,300,600,0.02,264.53039973301367,-4.874116602841809,156.61133915897764,True,124.63466485902428,20045688.850372586,0.895354443087616,48978.69673063731,172.2614147449687,0.012414881903505919,0.01241489494295806,low
17,269.4045163358555,2,300,600,0.01,266.95739180121905,-2.44712453463643,159.03833122718302,True,124.63466485902428,20045688.850372586,0.895354443087616,48978.69673063731,172.2614147449687,0.012414881903505919,0.01241489494295806,low
17,269.4045163358555,2,300,600,0.005,268.17842744767466,-1.2260888881808114,160.25936687363864,True,124.63466485902428,20045688.850372586,0.895354443087616,48978.69673063731,172.2614147449687,0.012414881903505919,0.01241489494295806,low
17,269.4045163358555,2,300,600,0.002,268.9134730781842,-0.4910432576712651,160.9944125041482,True,124.63466485902428,20045688.850372586,0.895354443087616,48978.69673063731,172.2614147449687,0.012414881903505919,0.01241489494295806,low
17,269.4045163358555,2,300,600,0.001,269.158893314646,-0.24562302120949653,161.23983274060996,True,124.63466485902428,20045688.850372586,0.895354443087616,48978.69673063731,172.2614147449687,0.012414881903505919,0.01241489494295806,low
18,124.63466485902428,3,50,150,1.0,582.4942448217238,457.8595799626995,474.57518424768773,False,582.4942448217238,15373992.726153882,0.8884740553975918,54852.759268312046,154.6004964137087,0.002836984903398226,0.002836853389419525,low
18,124.63466485902428,3,50,150,0.7,315.28827169351644,190.65360683449217,207.3692111194804,False,582.4942448217238,15373992.726153882,0.8884740553975918,54852.759268312046,154.6004964137087,0.002836984903398226,0.002836853389419525,low
18,124.63466485902428,3,50,150,0.5,208.85021784810215,84.21555298907786,100.93115727406612,False,582.4942448217238,15373992.726153882,0.8884740553975918,54852.759268312046,154.6004964137087,0.002836984903398226,0.002836853389419525,low
18,124.63466485902428,3,50,150,0.3,147.89793788425425,23.263273025229964,39.97887731021822,False,582.4942448217238,15373992.726153882,0.8884740553975918,54852.759268312046,154.6004964137087,0.002836984903398226,0.002836853389419525,low
18,124.63466485902428,3,50,150,0.2,131.8861479123738,7.251483053349503,23.967087338337763,False,582.4942448217238,15373992.726153882,0.8884740553975918,54852.759268312046,154.6004964137087,0.002836984903398226,0.002836853389419525,low
18,124.63466485902428,3,50,150,0.1,124.36961529481206,-0.2650495642122195,16.45055472077604,True,582.4942448217238,15373992.726153882,0.8884740553975918,54852.759268312046,154.6004964137087,0.002836984903398226,0.002836853389419525,low
18,124.63466485902428,3,50,150,0.05,123.5694503377584,-1.0652145212658866,15.650389763722373,True,582.4942448217238,15373992.726153882,0.8884740553975918,54852.759268312046,154.6004964137087,0.002836984903398226,0.002836853389419525,low
18,124.63466485902428,3,50,150,0.02,123.98943085223635,-0.6452340067879305,16.07037027820033,True,582.4942448217238,15373992.726153882,0.8884740553975918,54852.759268312046,154.6004964137087,0.002836984903398226,0.002836853389419525,low
18,124.63466485902428,3,50,150,0.01,124.27589694561772,-0.35876791340656666,16.356836371581693,True,582.4942448217238,15373992.726153882,0.8884740553975918,54852.759268312046,154.6004964137087,0.002836984903398226,0.002836853389419525,low
18,124.63466485902428,3,50,150,0.005,124.44627738984269,-0.18838746918159188,16.527216815806668,True,582.4942448217238,15373992.726153882,0.8884740553975918,54852.759268312046,154.6004964137087,0.002836984903398226,0.002836853389419525,low
18,124.63466485902428,3,50,150,0.002,124.5571533659792,-0.07751149304507976,16.63809279194318,True,582.4942448217238,15373992.726153882,0.8884740553975918,54852.759268312046,154.6004964137087,0.002836984903398226,0.002836853389419525,low
18,124.63466485902428,3,50,150,0.001,124.59555005494988,-0.03911480407440138,16.676489480913858,True,582.4942448217238,15373992.726153882,0.8884740553975918,54852.759268312046,154.6004964137087,0.002836984903398226,0.002836853389419525,low
19,123.5694503377584,3,50,150,1.0,37993.772860788966,37870.203410451206,37885.85380021493,False,37993.772860788966,729700216.5096979,0.7505427484375169,57175.933057951006,153.7181783887685,0.7132478652143089,0.7132479387882223,low
19,123.5694503377584,3,50,150,0.7,20308.790052406475,20185.220602068715,20200.87099183244,False,37993.772860788966,729700216.5096979,0.7505427484375169,57175.933057951006,153.7181783887685,0.7132478652143089,0.7132479387882223,low
19,123.5694503377584,3,50,150,0.5,10958.778464247134,10835.209013909376,10850.859403673097,False,37993.772860788966,729700216.5096979,0.7505427484375169,57175.933057951006,153.7181783887685,0.7132478652143089,0.7132479387882223,low
19,123.5694503377584,3,50,150,0.3,4186.170933619193,4062.601483281435,4078.2518730451575,False,37993.772860788966,729700216.5096979,0.7505427484375169,57175.933057951006,153.7181783887685,0.7132478652143089,0.7132479387882223,low
19,123.5694503377584,3,50,150,0.2,1944.3561100511795,1820.7866597134212,1836.4370494771435,False,37993.772860788966,729700216.5096979,0.7505427484375169,57175.933057951006,153.7181783887685,0.7132478652143089,0.7132479387882223,low
19,123.5694503377584,3,50,150,0.1,564.555637414517,440.98618707675865,456.636576840481,False,37993.772860788966,729700216.5096979,0.7505427484375169,57175.933057951006,153.7181783887685,0.7132478652143089,0.7132479387882223,low
19,123.5694503377584,3,50,150,0.05,221.83229178784973,98.26284145009133,113.9132312138137,False,37993.772860788966,729700216.5096979,0.7505427484375169,57175.933057951006,153.7181783887685,0.7132478652143089,0.7132479387882223,low
19,123.5694503377584,3,50,150,0.02,132.90769220493712,9.338241867178724,24.988631630901097,False,37993.772860788966,729700216.5096979,0.7505427484375169,57175.933057951006,153.7181783887685,0.7132478652143089,0.7132479387882223,low
19,123.5694503377584,3,50,150,0.01,123.19115421344789,-0.3782961243105092,15.272093639411864,True,37993.772860788966,729700216.5096979,0.7505427484375169,57175.933057951006,153.7181783887685,0.7132478652143089,0.7132479387882223,low
19,123.5694503377584,3,50,150,0.005,122.11347143123686,-1.455978906521537,14.194410857200836,True,37993.772860788966,729700216.5096979,0.7505427484375169,57175.933057951006,153.7181783887685,0.7132478652143089,0.7132479387882223,low
19,123.5694503377584,3,50,150,0.002,122.68238165622677,-0.8870686815316304,14.763321082190743,True,37993.772860788966,729700216.5096979,0.7505427484375169,57175.933057951006,153.7181783887685,0.7132478652143089,0.7132479387882223,low
19,123.5694503377584,3,50,150,0.001,123.07508330465076,-0.4943670331076362,15.156022730614737,True,37993.772860788966,729700216.5096979,0.7505427484375169,57175.933057951006,153.7181783887685,0.7132478652143089,0.7132479387882223,low
20,122.11347143123686,3,50,150,1.0,16054.559701220993,15932.446229789755,15946.640640646956,False,16054.559701220993,559882710.6823758,0.7284183632349872,56545.48285747221,153.5286227402415,0.4088161063132686,0.40881619326196494,low
20,122.11347143123686,3,50,150,0.7,9779.246916670154,9657.133445238916,9671.327856096117,False,16054.559701220993,559882710.6823758,0.7284183632349872,56545.48285747221,153.5286227402415,0.4088161063132686,0.40881619326196494,low
20,122.11347143123686,3,50,150,0.5,5736.493963181795,5614.380491750559,5628.574902607759,False,16054.559701220993,559882710.6823758,0.7284183632349872,56545.48285747221,153.5286227402415,0.4088161063132686,0.40881619326196494,low
20,122.11347143123686,3,50,150,0.3,2406.1699177168634,2284.0564462856264,2298.2508571428275,False,16054.559701220993,559882710.6823758,0.7284183632349872,56545.48285747221,153.5286227402415,0.4088161063132686,0.40881619326196494,low
20,122.11347143123686,3,50,150,0.2,1197.564498117741,1075.4510266865043,1089.6454375437052,False,16054.559701220993,559882710.6823758,0.7284183632349872,56545.48285747221,153.5286227402415,0.4088161063132686,0.40881619326196494,low
20,122.11347143123686,3,50,150,0.1,405.7476617422995,283.63419031106264,297.8286011682635,False,16054.559701220993,559882710.6823758,0.7284183632349872,56545.48285747221,153.5286227402415,0.4088161063132686,0.40881619326196494,low
20,122.11347143123686,3,50,150,0.05,194.4753644605876,72.36189302935074,86.55630388655158,False,16054.559701220993,559882710.6823758,0.7284183632349872,56545.48285747221,153.5286227402415,0.4088161063132686,0.40881619326196494,low
20,122.11347143123686,3,50,150,0.02,133.6094014616684,11.495930030431538,25.690340887632374,False,16054.559701220993,559882710.6823758,0.7284183632349872,56545.48285747221,153.5286227402415,0.4088161063132686,0.40881619326196494,low
20,122.11347143123686,3,50,150,0.01,124.88749237749823,2.7740209462613734,16.96843180346221,False,16054.559701220993,559882710.6823758,0.7284183632349872,56545.48285747221,153.5286227402415,0.4088161063132686,0.40881619326196494,low
20,122.11347143123686,3,50,150,0.005,122.75078716196032,0.6373157307234578,14.831726587924294,False,16054.559701220993,559882710.6823758,0.7284183632349872,56545.48285747221,153.5286227402415,0.4088161063132686,0.40881619326196494,low
20,122.11347143123686,3,50,150,0.002,122.18767425245575,0.07420282121888988,14.268613678419726,False,16054.559701220993,559882710.6823758,0.7284183632349872,56545.48285747221,153.5286227402415,0.4088161063132686,0.40881619326196494,low
20,122.11347143123686,3,50,150,0.001,122.12038578523112,0.006914353994261546,14.201325211195098,False,16054.559701220993,559882710.6823758,0.7284183632349872,56545.48285747221,153.5286227402415,0.4088161063132686,0.40881619326196494,low
20,122.11347143123686,2,100,200,1.0,20033.023796297755,19910.91032486652,19925.10473572372,False,20033.023796297755,376472826.71538556,0.8221131007390733,56545.48285747221,153.5286227402415,0.21774687835471396,0.21774691904862326,low
20,122.11347143123686,2,100,200,0.7,8809.790149705723,8687.676678274485,8701.871089131686,False,20033.023796297755,376472826.71538556,0.8221131007390733,56545.48285747221,153.5286227402415,0.21774687835471396,0.21774691904862326,low
20,122.11347143123686,2,100,200,0.5,4208.717876139287,4086.60440470805,4100.798815565251,False,20033.023796297755,376472826.71538556,0.8221131007390733,56545.48285747221,153.5286227402415,0.21774687835471396,0.21774691904862326,low
20,122.11347143123686,2,100,200,0.3,1474.1833699668664,1352.0698985356296,1366.2643093928305,False,20033.023796297755,376472826.71538556,0.8221131007390733,56545.48285747221,153.5286227402415,0.21774687835471396,0.21774691904862326,low
20,122.11347143123686,2,100,200,0.2,697.6534377118094,575.5399662805726,589.7343771377733,False,20033.023796297755,376472826.71538556,0.8221131007390733,56545.48285747221,153.5286227402415,0.21774687835471396,0.21774691904862326,low
20,122.11347143123686,2,100,200,0.1,260.00617623435426,137.8927048031174,152.08711566031823,False,20033.023796297755,376472826.71538556,0.8221131007390733,56545.48285747221,153.5286227402415,0.21774687835471396,0.21774691904862326,low
20,122.11347143123686,2,100,200,0.05,155.97081146530618,33.857340034069324,48.05175089127016,False,20033.023796297755,376472826.71538556,0.8221131007390733,56545.48285747221,153.5286227402415,0.21774687835471396,0.21774691904862326,low
20,122.11347143123686,2,100,200,0.02,127.53370126623828,5.420229835001422,19.614640692202258,False,20033.023796297755,376472826.71538556,0.8221131007390733,56545.48285747221,153.5286227402415,0.21774687835471396,0.21774691904862326,low
20,122.11347143123686,2,100,200,0.01,123.49443873063876,1.3809672994019024,15.575378156602738,False,20033.023796297755,376472826.71538556,0.8221131007390733,56545.48285747221,153.5286227402415,0.21774687835471396,0.21774691904862326,low
20,122.11347143123686,2,100,200,0.005,122.4739660821412,0.36049465090434296,14.554905508105179,False,20033.023796297755,376472826.71538556,0.8221131007390733,56545.48285747221,153.5286227402415,0.21774687835471396,0.21774691904862326,low
20,122.11347143123686,2,100,200,0.002,122.1787654601301,0.06529402889323421,14.25970488609407,False,20033.023796297755,376472826.71538556,0.8221131007390733,56545.48285747221,153.5286227402415,0.21774687835471396,0.21774691904862326,low
20,122.11347143123686,2,100,200,0.001,122.13299224241482,0.01952081117795501,14.213931668378791,False,20033.023796297755,376472826.71538556,0.8221131007390733,56545.48285747221,153.5286227402415,0.21774687835471396,0.21774691904862326,low
20,122.11347143123686,2,200,400,1.0,6772.349481108821,6650.236009677585,6664.430420534785,False,6772.349481108821,213105124.08230227,0.8205156388884913,56545.48285747221,153.5286227402415,0.4556019829175813,0.4556020679806128,low
20,122.11347143123686,2,200,400,0.7,2990.2826748915713,2868.1692034603343,2882.3636143175354,False,6772.349481108821,213105124.08230227,0.8205156388884913,56545.48285747221,153.5286227402415,0.4556019829175813,0.4556020679806128,low
20,122.11347143123686,2,200,400,0.5,1459.2537905806846,1337.1403191494478,1351.3347300066487,False,6772.349481108821,213105124.08230227,0.8205156388884913,56545.48285747221,153.5286227402415,0.4556019829175813,0.4556020679806128,low
20,122.11347143123686,2,200,400,0.3,559.7630221973857,437.6495507661488,451.8439616233496,False,6772.349481108821,213105124.08230227,0.8205156388884913,56545.48285747221,153.5286227402415,0.4556019829175813,0.4556020679806128,low
20,122.11347143123686,2,200,400,0.2,307.0791207790465,184.96564934780963,199.16006020501047,False,6772.349481108821,213105124.08230227,0.8205156388884913,56545.48285747221,153.5286227402415,0.4556019829175813,0.4556020679806128,low
20,122.11347143123686,2,200,400,0.1,165.88820148156265,43.774730050325786,57.96914090752662,False,6772.349481108821,213105124.08230227,0.8205156388884913,56545.48285747221,153.5286227402415,0.4556019829175813,0.4556020679806128,low
20,122.11347143123686,2,200,400,0.05,132.67744718263498,10.563975751398118,24.758386608598954,False,6772.349481108821,213105124.08230227,0.8205156388884913,56545.48285747221,153.5286227402415,0.4556019829175813,0.4556020679806128,low
20,122.11347143123686,2,200,400,0.02,123.72829675726344,1.6148253260265761,15.809236183227412,False,6772.349481108821,213105124.08230227,0.8205156388884913,56545.48285747221,153.5286227402415,0.4556019829175813,0.4556020679806128,low
20,122.11347143123686,2,200,400,0.01,122.49455978908203,0.38108835784517225,14.575499215046008,False,6772.349481108821,213105124.08230227,0.8205156388884913,56545.48285747221,153.5286227402415,0.4556019829175813,0.4556020679806128,low
20,122.11347143123686,2,200,400,0.005,122.19825510211949,0.08478367088262928,14.279194528083465,False,6772.349481108821,213105124.08230227,0.8205156388884913,56545.48285747221,153.5286227402415,0.4556019829175813,0.4556020679806128,low
20,122.11347143123686,2,200,400,0.002,122.12210716840961,0.00863573717275301,14.203046594373589,False,6772.349481108821,213105124.08230227,0.8205156388884913,56545.48285747221,153.5286227402415,0.4556019829175813,0.4556020679806128,low
20,122.11347143123686,2,200,400,0.001,122.11358506699669,0.00011363575983125429,14.194524492960667,False,6772.349481108821,213105124.08230227,0.8205156388884913,56545.48285747221,153.5286227402415,0.4556019829175813,0.4556020679806128,low
20,122.11347143123686,2,300,600,1.0,3937.9078371234045,3815.7943656921675,3829.9887765493686,False,3937.9078371234045,153506801.34037983,0.8154754457370387,56545.48285747221,153.5286227402415,0.5019866502480466,0.5019867665308235,low
20,122.11347143123686,2,300,600,0.7,1724.7675343341516,1602.6540629029148,1616.8484737601157,False,3937.9078371234045,153506801.34037983,0.8154754457370387,56545.48285747221,153.5286227402415,0.5019866502480466,0.5019867665308235,low
20,122.11347143123686,2,300,600,0.5,854.0719189711089,731.9584475398719,746.1528583970728,False,3937.9078371234045,153506801.34037983,0.8154754457370387,56545.48285747221,153.5286227402415,0.5019866502480466,0.5019867665308235,low
20,122.11347143123686,2,300,600,0.3,355.8695568622232,233.75608543098633,247.95049628818717,False,3937.9078371234045,153506801.34037983,0.8154754457370387,56545.48285747221,153.5286227402415,0.5019866502480466,0.5019867665308235,low
20,122.11347143123686,2,300,600,0.2,219.35792131932945,97.24444988809259,111.43886074529343,False,3937.9078371234045,153506801.34037983,0.8154754457370387,56545.48285747221,153.5286227402415,0.5019866502480466,0.5019867665308235,low
20,122.11347143123686,2,300,600,0.1,144.54921947460872,22.43574804337186,36.630158900572695,False,3937.9078371234045,153506801.34037983,0.8154754457370387,56545.48285747221,153.5286227402415,0.5019866502480466,0.5019867665308235,low
20,122.11347143123686,2,300,600,0.05,127.34628998120351,5.232818549966652,19.427229407167488,False,3937.9078371234045,153506801.34037983,0.8154754457370387,56545.48285747221,153.5286227402415,0.5019866502480466,0.5019867665308235,low
20,122.11347143123686,2,300,600,0.02,122.84007468020513,0.7266032489682743,14.92101410616911,False,3937.9078371234045,153506801.34037983,0.8154754457370387,56545.48285747221,153.5286227402415,0.5019866502480466,0.5019867665308235,low
20,122.11347143123686,2,300,600,0.01,122.25476005041887,0.14128861918200641,14.335699476382842,False,3937.9078371234045,153506801.34037983,0.8154754457370387,56545.48285747221,153.5286227402415,0.5019866502480466,0.5019867665308235,low
20,122.11347143123686,2,300,600,0.005,122.12914681395148,0.01567538271461899,14.210086239915455,False,3937.9078371234045,153506801.34037983,0.8154754457370387,56545.48285747221,153.5286227402415,0.5019866502480466,0.5019867665308235,low
20,122.11347143123686,2,300,600,0.002,122.10661723572673,-0.006854195510129557,14.187556661690707,True,3937.9078371234045,153506801.34037983,0.8154754457370387,56545.48285747221,153.5286227402415,0.5019866502480466,0.5019867665308235,low
20,122.11347143123686,2,300,600,0.001,122.10786261661438,-0.005608814622476643,14.18880204257836,True,3937.9078371234045,153506801.34037983,0.8154754457370387,56545.48285747221,153.5286227402415,0.5019866502480466,0.5019867665308235,low
