outer,phase,attempt_idx,start_objective,start_x_rel_to_direct,c,k,selector,beta,post_objective,objective_improvement,x_rel_to_direct,x_rel_improvement,selected,linear_residual_approx,e_rel_to_exact,raw_full_step_objective,last_cycle_pre_residual_ratio,last_cycle_post_residual_ratio
1,geometry_high,1,3350168.410825497,1.2312708232912002,5,50,cap,1.0,38832389.48202884,-35482221.07120334,0.4284144370601343,0.8028563862310658,True,16297649311.802877,0.3977789389977822,38832389.48202884,1.5764626177207812,1.5764625273592534
1,geometry_high,1,3350168.410825497,1.2312708232912002,5,50,cap,0.8,12477227.046674201,-9127058.635848705,0.5275672803236242,0.703703542967576,False,16297649311.802877,0.3977789389977822,38832389.48202884,1.5764626177207812,1.5764625273592534
1,geometry_high,1,3350168.410825497,1.2312708232912002,5,50,cap,0.5,1947643.2389167135,1402525.1719087835,0.7775890062376897,0.4536818170535105,False,16297649311.802877,0.3977789389977822,38832389.48202884,1.5764626177207812,1.5764625273592534
1,geometry_high,1,3350168.410825497,1.2312708232912002,5,50,cap,0.3,2156630.91437599,1193537.4964495068,0.9620908454905011,0.26917997780069913,False,16297649311.802877,0.3977789389977822,38832389.48202884,1.5764626177207812,1.5764625273592534
1,geometry_high,1,3350168.410825497,1.2312708232912002,5,50,cap,0.2,2547775.279182255,802393.1316432422,1.0538019086742796,0.1774689146169206,False,16297649311.802877,0.3977789389977822,38832389.48202884,1.5764626177207812,1.5764625273592534
1,geometry_high,1,3350168.410825497,1.2312708232912002,5,50,cap,0.1,2884757.7200721176,465410.6907533794,1.1437711698910962,0.08749965340010402,False,16297649311.802877,0.3977789389977822,38832389.48202884,1.5764626177207812,1.5764625273592534
1,geometry_high,1,3350168.410825497,1.2312708232912002,5,50,cap,0.05,3077734.198580906,272434.2122445912,1.1878685280285195,0.04340229526268069,False,16297649311.802877,0.3977789389977822,38832389.48202884,1.5764626177207812,1.5764625273592534
1,geometry_high,1,3350168.410825497,1.2312708232912002,5,50,cap,0.02,3227455.567206906,122712.84361859085,1.2139977793335568,0.017273043957643397,False,16297649311.802877,0.3977789389977822,38832389.48202884,1.5764626177207812,1.5764625273592534
1,geometry_high,1,3350168.410825497,1.2312708232912002,5,50,cap,0.01,3286121.6864773664,64046.724348130636,1.2226493006450294,0.008621522646170776,False,16297649311.802877,0.3977789389977822,38832389.48202884,1.5764626177207812,1.5764625273592534
1,geometry_high,1,3350168.410825497,1.2312708232912002,5,50,cap,0.005,3317432.556615601,32735.854209896177,1.2269638441323383,0.004306979158861912,False,16297649311.802877,0.3977789389977822,38832389.48202884,1.5764626177207812,1.5764625273592534
1,geometry_high,1,3350168.410825497,1.2312708232912002,5,50,cap,0.002,3336897.8394731847,13270.571352312341,1.2295489434444595,0.0017218798467406593,False,16297649311.802877,0.3977789389977822,38832389.48202884,1.5764626177207812,1.5764625273592534
1,geometry_high,1,3350168.410825497,1.2312708232912002,5,50,cap,0.001,3343503.3124667043,6665.0983587927185,1.2304100356770569,0.0008607876141433213,False,16297649311.802877,0.3977789389977822,38832389.48202884,1.5764626177207812,1.5764625273592534
2,geometry_high,1,38832389.48202884,0.4284144370601343,5,50,cap,1.0,72659315.8244745,-33826926.34244566,0.1390746138261819,0.28933982323395246,True,467427732.73767984,0.35229034720193336,72659315.8244745,0.8099079907958682,0.8099082423118394
2,geometry_high,1,38832389.48202884,0.4284144370601343,5,50,cap,0.8,42205860.3702285,-3373470.888199657,0.1916141973599986,0.23680023970013572,False,467427732.73767984,0.35229034720193336,72659315.8244745,0.8099079907958682,0.8099082423118394
2,geometry_high,1,38832389.48202884,0.4284144370601343,5,50,cap,0.5,24834655.426144958,13997734.055883884,0.27809686112303483,0.1503175759370995,False,467427732.73767984,0.35229034720193336,72659315.8244745,0.8099079907958682,0.8099082423118394
2,geometry_high,1,38832389.48202884,0.4284144370601343,5,50,cap,0.3,24858220.42827694,13974169.0537519,0.33774856755543753,0.0906658695046968,False,467427732.73767984,0.35229034720193336,72659315.8244745,0.8099079907958682,0.8099082423118394
2,geometry_high,1,38832389.48202884,0.4284144370601343,5,50,cap,0.2,27561051.428305592,11271338.05372325,0.3678605548917392,0.060553882168395134,False,467427732.73767984,0.35229034720193336,72659315.8244745,0.8099079907958682,0.8099082423118394
2,geometry_high,1,38832389.48202884,0.4284144370601343,5,50,cap,0.1,32126884.740523823,6705504.741505019,0.39809409612722385,0.030320340932910472,False,467427732.73767984,0.35229034720193336,72659315.8244745,0.8099079907958682,0.8099082423118394
2,geometry_high,1,38832389.48202884,0.4284144370601343,5,50,cap,0.05,35187866.33830796,3644523.14372088,0.4132452245704575,0.015169212489676842,False,467427732.73767984,0.35229034720193336,72659315.8244745,0.8099079907958682,0.8099082423118394
2,geometry_high,1,38832389.48202884,0.4284144370601343,5,50,cap,0.02,37300797.13547088,1531592.34655796,0.4223447864215384,0.006069650638595936,False,467427732.73767984,0.35229034720193336,72659315.8244745,0.8099079907958682,0.8099082423118394
2,geometry_high,1,38832389.48202884,0.4284144370601343,5,50,cap,0.01,38053956.053541504,778433.4284873381,0.4253793001958883,0.003035136864246002,False,467427732.73767984,0.35229034720193336,72659315.8244745,0.8099079907958682,0.8099082423118394
2,geometry_high,1,38832389.48202884,0.4284144370601343,5,50,cap,0.005,38439980.311880596,392409.170148246,0.42689679220493926,0.001517644855195066,False,467427732.73767984,0.35229034720193336,72659315.8244745,0.8099079907958682,0.8099082423118394
2,geometry_high,1,38832389.48202884,0.4284144370601343,5,50,cap,0.002,38674655.31785788,157734.16417096555,0.42780736096169275,0.0006070760984415724,False,467427732.73767984,0.35229034720193336,72659315.8244745,0.8099079907958682,0.8099082423118394
2,geometry_high,1,38832389.48202884,0.4284144370601343,5,50,cap,0.001,38753393.62235208,78995.85967676342,0.4281108960001973,0.0003035410599370181,False,467427732.73767984,0.35229034720193336,72659315.8244745,0.8099079907958682,0.8099082423118394
3,geometry_high,1,72659315.8244745,0.1390746138261819,5,50,cap,1.0,3963430.531891292,68695885.29258321,0.034379976230420106,0.10469463759576178,True,4088016660.234532,0.2513625962510028,3963430.531891292,1.47220941050821,1.4722095881489343
3,geometry_high,1,72659315.8244745,0.1390746138261819,5,50,cap,0.8,10055336.273214823,62603979.551259674,0.05483434400123164,0.08424026982495025,False,4088016660.234532,0.2513625962510028,3963430.531891292,1.47220941050821,1.4722095881489343
3,geometry_high,1,72659315.8244745,0.1390746138261819,5,50,cap,0.5,25649201.45186064,47010114.37261386,0.08626050347590201,0.05281411035027987,False,4088016660.234532,0.2513625962510028,3963430.531891292,1.47220941050821,1.4722095881489343
3,geometry_high,1,72659315.8244745,0.1390746138261819,5,50,cap,0.3,41006489.10365851,31652826.720815986,0.10735885954964348,0.0317157542765384,False,4088016660.234532,0.2513625962510028,3963430.531891292,1.47220941050821,1.4722095881489343
3,geometry_high,1,72659315.8244745,0.1390746138261819,5,50,cap,0.2,50348411.56522015,22310904.25925435,0.11792542518523948,0.02114918864094241,False,4088016660.234532,0.2513625962510028,3963430.531891292,1.47220941050821,1.4722095881489343
3,geometry_high,1,72659315.8244745,0.1390746138261819,5,50,cap,0.1,60879033.95131523,11780281.873159267,0.12849821866233183,0.01057639516385006,False,4088016660.234532,0.2513625962510028,3963430.531891292,1.47220941050821,1.4722095881489343
3,geometry_high,1,72659315.8244745,0.1390746138261819,5,50,cap,0.05,66609125.11986048,6050190.704614021,0.1337861019788141,0.005288511847367783,False,4088016660.234532,0.2513625962510028,3963430.531891292,1.47220941050821,1.4722095881489343
3,geometry_high,1,72659315.8244745,0.1390746138261819,5,50,cap,0.02,70200332.8672995,2458982.9571750015,0.1369591490265333,0.002115464799648581,False,4088016660.234532,0.2513625962510028,3963430.531891292,1.47220941050821,1.4722095881489343
3,geometry_high,1,72659315.8244745,0.1390746138261819,5,50,cap,0.01,71423298.55305247,1236017.2714220285,0.1380168726239042,0.0010577412022776955,False,4088016660.234532,0.2513625962510028,3963430.531891292,1.47220941050821,1.4722095881489343
3,geometry_high,1,72659315.8244745,0.1390746138261819,5,50,cap,0.005,72039671.85872744,619643.9657470584,0.13854574113449175,0.0005288726916901354,False,4088016660.234532,0.2513625962510028,3963430.531891292,1.47220941050821,1.4722095881489343
3,geometry_high,1,72659315.8244745,0.1390746138261819,5,50,cap,0.002,72411065.26181565,248250.56265884638,0.13886306426170575,0.00021154956447613782,False,4088016660.234532,0.2513625962510028,3963430.531891292,1.47220941050821,1.4722095881489343
3,geometry_high,1,72659315.8244745,0.1390746138261819,5,50,cap,0.001,72535125.00563954,124190.81883496046,0.13896883896379844,0.00010577486238344536,False,4088016660.234532,0.2513625962510028,3963430.531891292,1.47220941050821,1.4722095881489343
4,geometry_high,1,3963430.531891292,0.034379976230420106,5,50,cap,1.0,160115.26462707054,3803315.2672642213,0.020541950478499476,0.01383802575192063,True,1331435064.7446742,0.5966370568449426,160115.26462707054,1.7039119163943413,1.7039121493109421
4,geometry_high,1,3963430.531891292,0.034379976230420106,5,50,cap,0.8,517345.2813859161,3446085.2505053757,0.023286442217722983,0.011093534012697123,False,1331435064.7446742,0.5966370568449426,160115.26462707054,1.7039119163943413,1.7039121493109421
4,geometry_high,1,3963430.531891292,0.034379976230420106,5,50,cap,0.5,1433613.6379884845,2529816.8939028075,0.027430326388531722,0.006949649841888384,False,1331435064.7446742,0.5966370568449426,160115.26462707054,1.7039119163943413,1.7039121493109421
4,geometry_high,1,3963430.531891292,0.034379976230420106,5,50,cap,0.3,2296021.706901456,1667408.8249898357,0.030205204538774375,0.004174771691645731,False,1331435064.7446742,0.5966370568449426,160115.26462707054,1.7039119163943413,1.7039121493109421
4,geometry_high,1,3963430.531891292,0.034379976230420106,5,50,cap,0.2,2802163.254669726,1161267.277221566,0.0315953553051763,0.0027846209252438067,False,1331435064.7446742,0.5966370568449426,160115.26462707054,1.7039119163943413,1.7039121493109421
4,geometry_high,1,3963430.531891292,0.034379976230420106,5,50,cap,0.1,3358025.7662956077,605404.7655956843,0.03298700715680135,0.0013929690736187578,False,1331435064.7446742,0.5966370568449426,160115.26462707054,1.7039119163943413,1.7039121493109421
4,geometry_high,1,3963430.531891292,0.034379976230420106,5,50,cap,0.05,3654546.557737093,308883.974154199,0.03368333735453713,0.0006966388758829767,False,1331435064.7446742,0.5966370568449426,160115.26462707054,1.7039119163943413,1.7039121493109421
4,geometry_high,1,3963430.531891292,0.034379976230420106,5,50,cap,0.02,3838394.7946049436,125035.73728634836,0.03410128486256668,0.00027869136785342585,False,1331435064.7446742,0.5966370568449426,160115.26462707054,1.7039119163943413,1.7039121493109421
4,geometry_high,1,3963430.531891292,0.034379976230420106,5,50,cap,0.01,3900665.7582490584,62764.77364223357,0.03424062467519513,0.000139351555224973,False,1331435064.7446742,0.5966370568449426,160115.26462707054,1.7039119163943413,1.7039121493109421
4,geometry_high,1,3963430.531891292,0.034379976230420106,5,50,cap,0.005,3931986.430037788,31444.101853503846,0.03431029899403025,6.967723638985623e-05,False,1331435064.7446742,0.5966370568449426,160115.26462707054,1.7039119163943413,1.7039121493109421
4,geometry_high,1,3963430.531891292,0.034379976230420106,5,50,cap,0.002,3950838.0809778287,12592.450913463254,0.03435210498690725,2.787124351285447e-05,False,1331435064.7446742,0.5966370568449426,160115.26462707054,1.7039119163943413,1.7039121493109421
4,geometry_high,1,3963430.531891292,0.034379976230420106,5,50,cap,0.001,3957131.838191689,6298.693699602969,0.03436604055059966,1.3935679820449576e-05,False,1331435064.7446742,0.5966370568449426,160115.26462707054,1.7039119163943413,1.7039121493109421
5,geometry_high,1,160115.26462707054,0.020541950478499476,5,50,cap,1.0,38798030.273074955,-38637915.008447886,0.1656977782557825,-0.14515582777728303,False,19080903199.028637,8.09272501947414,38798030.273074955,1.807487699814082,1.807488056885419
5,geometry_high,1,160115.26462707054,0.020541950478499476,5,50,cap,0.8,25191382.056830678,-25031266.79220361,0.12870690575497531,-0.10816495527647584,False,19080903199.028637,8.09272501947414,38798030.273074955,1.807487699814082,1.807488056885419
5,geometry_high,1,160115.26462707054,0.020541950478499476,5,50,cap,0.5,10521926.680020051,-10361811.41539298,0.07318459593961123,-0.05264264546111175,False,19080903199.028637,8.09272501947414,38798030.273074955,1.807487699814082,1.807488056885419
5,geometry_high,1,160115.26462707054,0.020541950478499476,5,50,cap,0.3,4359947.954692347,-4199832.690065277,0.03628214234880378,-0.015740191870304305,False,19080903199.028637,8.09272501947414,38798030.273074955,1.807487699814082,1.807488056885419
5,geometry_high,1,160115.26462707054,0.020541950478499476,5,50,cap,0.2,2307417.914962963,-2147302.6503358926,0.0181447092976383,0.0023972411808611746,False,19080903199.028637,8.09272501947414,38798030.273074955,1.807487699814082,1.807488056885419
5,geometry_high,1,160115.26462707054,0.020541950478499476,5,50,cap,0.1,914218.3963832519,-754103.1317561814,0.005572672818772853,0.014969277659726624,False,19080903199.028637,8.09272501947414,38798030.273074955,1.807487699814082,1.807488056885419
5,geometry_high,1,160115.26462707054,0.020541950478499476,5,50,cap,0.05,458559.06418264745,-298443.7995555769,0.011848206776950209,0.008693743701549267,False,19080903199.028637,8.09272501947414,38798030.273074955,1.807487699814082,1.807488056885419
5,geometry_high,1,160115.26462707054,0.020541950478499476,5,50,cap,0.02,260791.9579347322,-100676.69330766166,0.01699012731500022,0.003551823163499255,False,19080903199.028637,8.09272501947414,38798030.273074955,1.807487699814082,1.807488056885419
5,geometry_high,1,160115.26462707054,0.020541950478499476,5,50,cap,0.01,207350.61197540196,-47235.347348331416,0.01875828155591383,0.0017836689225856454,False,19080903199.028637,8.09272501947414,38798030.273074955,1.807487699814082,1.807488056885419
5,geometry_high,1,160115.26462707054,0.020541950478499476,5,50,cap,0.005,182958.4851012065,-22843.220474135946,0.019648440305854685,0.000893510172644791,False,19080903199.028637,8.09272501947414,38798030.273074955,1.807487699814082,1.807488056885419
5,geometry_high,1,160115.26462707054,0.020541950478499476,5,50,cap,0.002,169066.85013861267,-8951.58551154213,0.020184172739467834,0.00035777773903164153,False,19080903199.028637,8.09272501947414,38798030.273074955,1.807487699814082,1.807488056885419
5,geometry_high,1,160115.26462707054,0.020541950478499476,5,50,cap,0.001,164560.12078246713,-4444.856155396585,0.020363001522057736,0.00017894895644174,False,19080903199.028637,8.09272501947414,38798030.273074955,1.807487699814082,1.807488056885419
5,geometry_high,2,160115.26462707054,0.020541950478499476,3,50,cap,1.0,3721237.7083089543,-3561122.4436818836,0.15622887590420104,-0.13568692542570157,False,7009449540.104769,7.6261831703020135,3721237.7083089543,11.57027043559512,11.570273047490966
5,geometry_high,2,160115.26462707054,0.020541950478499476,3,50,cap,0.8,2771074.3254755824,-2610959.0608485118,0.12100475991522369,-0.10046280943672421,True,7009449540.104769,7.6261831703020135,3721237.7083089543,11.57027043559512,11.570273047490966
5,geometry_high,2,160115.26462707054,0.020541950478499476,3,50,cap,0.5,1509367.187162654,-1349251.9225355834,0.0681268073276418,-0.04758485684914232,False,7009449540.104769,7.6261831703020135,3721237.7083089543,11.57027043559512,11.570273047490966
5,geometry_high,2,160115.26462707054,0.020541950478499476,3,50,cap,0.3,831787.4371027201,-671672.1724756496,0.03291781102787341,-0.012375860549373934,False,7009449540.104769,7.6261831703020135,3721237.7083089543,11.57027043559512,11.570273047490966
5,geometry_high,2,160115.26462707054,0.020541950478499476,3,50,cap,0.2,556814.3584070909,-396699.09378002037,0.015474969626764644,0.005066980851734832,False,7009449540.104769,7.6261831703020135,3721237.7083089543,11.57027043559512,11.570273047490966
5,geometry_high,2,160115.26462707054,0.020541950478499476,3,50,cap,0.1,331186.04066315823,-171070.7760360877,0.004349290610005594,0.016192659868493883,False,7009449540.104769,7.6261831703020135,3721237.7083089543,11.57027043559512,11.570273047490966
5,geometry_high,2,160115.26462707054,0.020541950478499476,3,50,cap,0.05,238501.97881747625,-78386.7141904057,0.011937148215564151,0.008604802262935324,False,7009449540.104769,7.6261831703020135,3721237.7083089543,11.57027043559512,11.570273047490966
5,geometry_high,2,160115.26462707054,0.020541950478499476,3,50,cap,0.02,189711.88533353846,-29596.62070646792,0.017072629298599144,0.0034693211799003316,False,7009449540.104769,7.6261831703020135,3721237.7083089543,11.57027043559512,11.570273047490966
5,geometry_high,2,160115.26462707054,0.020541950478499476,3,50,cap,0.01,174617.02137114145,-14501.75674407091,0.01880440257304675,0.0017375479054527257,False,7009449540.104769,7.6261831703020135,3721237.7083089543,11.57027043559512,11.570273047490966
5,geometry_high,2,160115.26462707054,0.020541950478499476,3,50,cap,0.005,167291.6719659997,-7176.407338929159,0.019672550522404186,0.0008693999560952896,False,7009449540.104769,7.6261831703020135,3721237.7083089543,11.57027043559512,11.570273047490966
5,geometry_high,2,160115.26462707054,0.020541950478499476,3,50,cap,0.002,162967.91191299327,-2852.6472859227215,0.020194050639830183,0.00034789983866929247,False,7009449540.104769,7.6261831703020135,3721237.7083089543,11.57027043559512,11.570273047490966
5,geometry_high,2,160115.26462707054,0.020541950478499476,3,50,cap,0.001,161538.59877698135,-1423.3341499108064,0.020367978049288717,0.00017397242921075862,False,7009449540.104769,7.6261831703020135,3721237.7083089543,11.57027043559512,11.570273047490966
6,geometry_high,1,2771074.3254755824,0.12100475991522369,5,50,cap,1.0,238602.2272697789,2532472.0982058034,0.08113845973370047,0.03986630018152322,True,1742667480.9659224,0.6712936285510889,238602.2272697789,1.5057199673207837,1.5057201926364947
6,geometry_high,1,2771074.3254755824,0.12100475991522369,5,50,cap,0.8,534466.5697973988,2236607.7556781834,0.089033361692695,0.03197139822252869,False,1742667480.9659224,0.6712936285510889,238602.2272697789,1.5057199673207837,1.5057201926364947
6,geometry_high,1,2771074.3254755824,0.12100475991522369,5,50,cap,0.5,1184407.0097239318,1586667.3157516506,0.10096433783151156,0.020040422083712137,False,1742667480.9659224,0.6712936285510889,238602.2272697789,1.5057199673207837,1.5057201926364947
6,geometry_high,1,2771074.3254755824,0.12100475991522369,5,50,cap,0.3,1747000.9645689083,1024073.3609066741,0.1089617376406305,0.012043022274593196,False,1742667480.9659224,0.6712936285510889,238602.2272697789,1.5057199673207837,1.5057201926364947
6,geometry_high,1,2771074.3254755824,0.12100475991522369,5,50,cap,0.2,2065017.570633167,706056.7548424155,0.11297054404729268,0.008034215867931016,False,1742667480.9659224,0.6712936285510889,238602.2272697789,1.5057199673207837,1.5057201926364947
6,geometry_high,1,2771074.3254755824,0.12100475991522369,5,50,cap,0.1,2406601.856485802,364472.4689897802,0.11698509347244336,0.004019666442780331,False,1742667480.9659224,0.6712936285510889,238602.2272697789,1.5057199673207837,1.5057201926364947
6,geometry_high,1,2771074.3254755824,0.12100475991522369,5,50,cap,0.05,2586019.3907296374,185054.93474594504,0.11899432299968651,0.002010436915537178,False,1742667480.9659224,0.6712936285510889,238602.2272697789,1.5057199673207837,1.5057201926364947
6,geometry_high,1,2771074.3254755824,0.12100475991522369,5,50,cap,0.02,2696381.267171102,74693.05830448028,0.12020044459467334,0.00080431532055035,False,1742667480.9659224,0.6712936285510889,238602.2272697789,1.5057199673207837,1.5057201926364947
6,geometry_high,1,2771074.3254755824,0.12100475991522369,5,50,cap,0.01,2733616.3986527305,37457.92682285188,0.12060257917980731,0.00040218073541638255,False,1742667480.9659224,0.6712936285510889,238602.2272697789,1.5057199673207837,1.5057201926364947
6,geometry_high,1,2771074.3254755824,0.12100475991522369,5,50,cap,0.005,2752317.5547822956,18756.770693286788,0.12080366381112298,0.000201096104100712,False,1742667480.9659224,0.6712936285510889,238602.2272697789,1.5057199673207837,1.5057201926364947
6,geometry_high,1,2771074.3254755824,0.12100475991522369,5,50,cap,0.002,2763564.9488414987,7509.376634083688,0.12092432010097161,8.043981425208402e-05,False,1742667480.9659224,0.6712936285510889,238602.2272697789,1.5057199673207837,1.5057201926364947
6,geometry_high,1,2771074.3254755824,0.12100475991522369,5,50,cap,0.001,2767318.526214988,3755.7992605944164,0.12096453977967156,4.022013555213255e-05,False,1742667480.9659224,0.6712936285510889,238602.2272697789,1.5057199673207837,1.5057201926364947
7,geometry_high,1,238602.2272697789,0.08113845973370047,5,50,cap,1.0,10810.101222772468,227792.12604700643,0.06771443224364214,0.013424027490058332,True,309271233.3053621,0.8343152519966922,10810.101222772468,3.91901857996569,3.9190198753281313
7,geometry_high,1,238602.2272697789,0.08113845973370047,5,50,cap,0.8,32154.080971019805,206448.1462987591,0.0703950166754496,0.010743443058250868,False,309271233.3053621,0.8343152519966922,10810.101222772468,3.91901857996569,3.9190198753281313
7,geometry_high,1,238602.2272697789,0.08113845973370047,5,50,cap,0.5,86760.21220563521,151842.0150641437,0.0744202412568344,0.006718218476866072,False,309271233.3053621,0.8343152519966922,10810.101222772468,3.91901857996569,3.9190198753281313
7,geometry_high,1,238602.2272697789,0.08113845973370047,5,50,cap,0.3,138327.88867174066,100274.33859803824,0.0771062397621426,0.0040322199715578655,False,309271233.3053621,0.8343152519966922,10810.101222772468,3.91901857996569,3.9190198753281313
7,geometry_high,1,238602.2272697789,0.08113845973370047,5,50,cap,0.2,168687.4184638567,69914.80880592219,0.07844990825926582,0.0026885514744346556,False,309271233.3053621,0.8343152519966922,10810.101222772468,3.91901857996569,3.9190198753281313
7,geometry_high,1,238602.2272697789,0.08113845973370047,5,50,cap,0.1,202109.2400137258,36492.98725605311,0.07979398931130284,0.0013444704223976311,False,309271233.3053621,0.8343152519966922,10810.101222772468,3.91901857996569,3.9190198753281313
7,geometry_high,1,238602.2272697789,0.08113845973370047,5,50,cap,0.05,219971.28328006237,18630.94398971653,0.08046617724177413,0.0006722824919263432,False,309271233.3053621,0.8343152519966922,10810.101222772468,3.91901857996569,3.9190198753281313
7,geometry_high,1,238602.2272697789,0.08113845973370047,5,50,cap,0.02,231057.51058971247,7544.716680066427,0.08086953556240821,0.00026892417129226187,False,309271233.3053621,0.8343152519966922,10810.101222772468,3.91901857996569,3.9190198753281313
7,geometry_high,1,238602.2272697789,0.08113845973370047,5,50,cap,0.01,234814.47316596485,3787.754103814048,0.081003995799831,0.0001344639338694692,False,309271233.3053621,0.8343152519966922,10810.101222772468,3.91901857996569,3.9190198753281313
7,geometry_high,1,238602.2272697789,0.08113845973370047,5,50,cap,0.005,236704.50072180812,1897.7265479707858,0.0810712273060313,6.723242766917825e-05,False,309271233.3053621,0.8343152519966922,10810.101222772468,3.91901857996569,3.9190198753281313
7,geometry_high,1,238602.2272697789,0.08113845973370047,5,50,cap,0.002,237842.21270075138,760.014569027524,0.08111156665222517,2.6893081475298786e-05,False,309271233.3053621,0.8343152519966922,10810.101222772468,3.91901857996569,3.9190198753281313
7,geometry_high,1,238602.2272697789,0.08113845973370047,5,50,cap,0.001,238222.06598770592,380.1612820729788,0.08112501317457557,1.3446559124899449e-05,False,309271233.3053621,0.8343152519966922,10810.101222772468,3.91901857996569,3.9190198753281313
8,geometry_high,1,10810.101222772468,0.06771443224364214,5,50,cap,1.0,615469.5115877803,-604659.4103650078,0.054425730747283886,0.013288701496358253,False,2546691627.664694,0.8035663175054527,615469.5115877803,1.4261706619024002,1.426170891440672
8,geometry_high,1,10810.101222772468,0.06771443224364214,5,50,cap,0.8,420358.50124945724,-409548.4000266848,0.05704980905565014,0.010664623187992002,False,2546691627.664694,0.8035663175054527,615469.5115877803,1.4261706619024002,1.426170891440672
8,geometry_high,1,10810.101222772468,0.06771443224364214,5,50,cap,0.5,196905.71926891012,-186095.61804613765,0.0610209327722259,0.006693499471416238,True,2546691627.664694,0.8035663175054527,615469.5115877803,1.4261706619024002,1.426170891440672
8,geometry_high,1,10810.101222772468,0.06771443224364214,5,50,cap,0.3,94387.73731378456,-83577.63609101209,0.06368827330906306,0.004026158934579083,False,2546691627.664694,0.8035663175054527,615469.5115877803,1.4261706619024002,1.426170891440672
8,geometry_high,1,10810.101222772468,0.06771443224364214,5,50,cap,0.2,57142.57492531796,-46332.473702545496,0.06502718190769134,0.002687250335950797,False,2546691627.664694,0.8035663175054527,615469.5115877803,1.4261706619024002,1.426170891440672
8,geometry_high,1,10810.101222772468,0.06771443224364214,5,50,cap,0.1,29274.71404741143,-18464.612824638964,0.06636929900824605,0.0013451332353960899,False,2546691627.664694,0.8035663175054527,615469.5115877803,1.4261706619024002,1.426170891440672
8,geometry_high,1,10810.101222772468,0.06771443224364214,5,50,cap,0.05,18865.383584926152,-8055.2823621536845,0.06704150004794772,0.0006729321956944201,False,2546691627.664694,0.8035663175054527,615469.5115877803,1.4261706619024002,1.426170891440672
8,geometry_high,1,10810.101222772468,0.06771443224364214,5,50,cap,0.02,13749.521619920735,-2939.4203971482675,0.06744517303982225,0.00026925920381988544,False,2546691627.664694,0.8035663175054527,615469.5115877803,1.4261706619024002,1.426170891440672
8,geometry_high,1,10810.101222772468,0.06771443224364214,5,50,cap,0.01,12232.678779367729,-1422.5775565952608,0.0675797883698576,0.00013464387378453457,False,2546691627.664694,0.8035663175054527,615469.5115877803,1.4261706619024002,1.426170891440672
8,geometry_high,1,10810.101222772468,0.06771443224364214,5,50,cap,0.005,11509.605227090007,-699.5040043175395,0.06764710674953524,6.732549410690125e-05,False,2546691627.664694,0.8035663175054527,615469.5115877803,1.4261706619024002,1.426170891440672
8,geometry_high,1,10810.101222772468,0.06771443224364214,5,50,cap,0.002,11087.07427224629,-276.97304947382145,0.0676875011936396,2.6931050002537704e-05,False,2546691627.664694,0.8035663175054527,615469.5115877803,1.4261706619024002,1.426170891440672
8,geometry_high,1,10810.101222772468,0.06771443224364214,5,50,cap,0.001,10948.116304935053,-138.0150821625848,0.06770096657669503,1.346566694711282e-05,False,2546691627.664694,0.8035663175054527,615469.5115877803,1.4261706619024002,1.426170891440672
9,geometry_high,1,196905.71926891012,0.0610209327722259,5,50,cap,1.0,195982.9438335086,922.7754354015342,0.031748317872416,0.029272614899809903,True,1431616083.7062593,0.5204430166226482,195982.9438335086,2.824040401324041,2.824040848274814
9,geometry_high,1,196905.71926891012,0.0610209327722259,5,50,cap,0.8,195875.69305923567,1030.0262096744555,0.03759765231913576,0.02342328045309014,False,1431616083.7062593,0.5204430166226482,195982.9438335086,2.824040401324041,2.824040848274814
9,geometry_high,1,196905.71926891012,0.0610209327722259,5,50,cap,0.5,195989.00054562636,916.7187232837605,0.04637838107789281,0.014642551694333095,False,1431616083.7062593,0.5204430166226482,195982.9438335086,2.824040401324041,2.824040848274814
9,geometry_high,1,196905.71926891012,0.0610209327722259,5,50,cap,0.3,196246.69158343298,659.0276854771364,0.05223466769623604,0.008786265075989862,False,1431616083.7062593,0.5204430166226482,195982.9438335086,2.824040401324041,2.824040848274814
9,geometry_high,1,196905.71926891012,0.0610209327722259,5,50,cap,0.2,196430.06163194697,475.65763696315116,0.055163243827980185,0.005857688944245716,False,1431616083.7062593,0.5204430166226482,195982.9438335086,2.824040401324041,2.824040848274814
9,geometry_high,1,196905.71926891012,0.0610209327722259,5,50,cap,0.1,196649.74394088966,255.97532802046044,0.05809201682638933,0.002928915945836573,False,1431616083.7062593,0.5204430166226482,195982.9438335086,2.824040401324041,2.824040848274814
9,geometry_high,1,196905.71926891012,0.0610209327722259,5,50,cap,0.05,196773.19590402982,132.52336488029687,0.05955645993957627,0.0014644728326496312,False,1431616083.7062593,0.5204430166226482,195982.9438335086,2.824040401324041,2.824040848274814
9,geometry_high,1,196905.71926891012,0.0610209327722259,5,50,cap,0.02,196851.62144809766,54.09782081245794,0.06043514042916517,0.0005857923430607342,False,1431616083.7062593,0.5204430166226482,195982.9438335086,2.824040401324041,2.824040848274814
9,geometry_high,1,196905.71926891012,0.0610209327722259,5,50,cap,0.01,196878.4889524774,27.23031643271679,0.06072803609430065,0.0002928966779252515,False,1431616083.7062593,0.5204430166226482,195982.9438335086,2.824040401324041,2.824040848274814
9,geometry_high,1,196905.71926891012,0.0610209327722259,5,50,cap,0.005,196892.05875986075,13.660509049368557,0.060874484309297566,0.00014644846292833497,False,1431616083.7062593,0.5204430166226482,195982.9438335086,2.824040401324041,2.824040848274814
9,geometry_high,1,196905.71926891012,0.0610209327722259,5,50,cap,0.002,196900.2441812667,5.475087643426377,0.060962353357637396,5.857941458850546e-05,False,1431616083.7062593,0.5204430166226482,195982.9438335086,2.824040401324041,2.824040848274814
9,geometry_high,1,196905.71926891012,0.0610209327722259,5,50,cap,0.001,196902.97991095335,2.7393579567724373,0.06099164306005657,2.9289712169332238e-05,False,1431616083.7062593,0.5204430166226482,195982.9438335086,2.824040401324041,2.824040848274814
10,geometry_high,1,195982.9438335086,0.031748317872416,5,50,cap,1.0,11833.084848942626,184149.85898456597,0.014084539052866918,0.01766377881954908,True,348292711.1425912,0.44359494940346755,11833.084848942626,1.5656660224300587,1.5656662247514972
10,geometry_high,1,195982.9438335086,0.031748317872416,5,50,cap,0.8,30703.510549862447,165279.43328364613,0.01761638590452338,0.014131931967892617,False,348292711.1425912,0.44359494940346755,11833.084848942626,1.5656660224300587,1.5656662247514972
10,geometry_high,1,195982.9438335086,0.031748317872416,5,50,cap,0.5,75785.95838822199,120196.9854452866,0.02291539935734164,0.00883291851507436,False,348292711.1425912,0.44359494940346755,11833.084848942626,1.5656660224300587,1.5656662247514972
10,geometry_high,1,195982.9438335086,0.031748317872416,5,50,cap,0.3,117081.88645507282,78901.05737843577,0.026448468765586597,0.005299849106829402,False,348292711.1425912,0.44359494940346755,11833.084848942626,1.5656660224300587,1.5656662247514972
10,geometry_high,1,195982.9438335086,0.031748317872416,5,50,cap,0.2,141116.52780713746,54866.416026371124,0.028215063759656937,0.003533254112759062,False,348292711.1425912,0.44359494940346755,11833.084848942626,1.5656660224300587,1.5656662247514972
10,geometry_high,1,195982.9438335086,0.031748317872416,5,50,cap,0.1,167415.30179083094,28567.642042677646,0.02998168310980368,0.00176663476261232,False,348292711.1425912,0.44359494940346755,11833.084848942626,1.5656660224300587,1.5656662247514972
10,geometry_high,1,195982.9438335086,0.031748317872416,5,50,cap,0.05,181415.21913671098,14567.72469679761,0.030864999055444865,0.0008833188169711341,False,348292711.1425912,0.44359494940346755,11833.084848942626,1.5656660224300587,1.5656662247514972
10,geometry_high,1,195982.9438335086,0.031748317872416,5,50,cap,0.02,190087.67936454687,5895.2644689617155,0.03139499005861628,0.0003533278137997156,False,348292711.1425912,0.44359494940346755,11833.084848942626,1.5656660224300587,1.5656662247514972
10,geometry_high,1,195982.9438335086,0.031748317872416,5,50,cap,0.01,193023.94602815775,2958.9978053508385,0.03157165392227979,0.00017666395013620634,False,348292711.1425912,0.44359494940346755,11833.084848942626,1.5656660224300587,1.5656662247514972
10,geometry_high,1,195982.9438335086,0.031748317872416,5,50,cap,0.005,194500.60324412386,1482.340589384723,0.03165998588696121,8.83319854547912e-05,False,348292711.1425912,0.44359494940346755,11833.084848942626,1.5656660224300587,1.5656662247514972
10,geometry_high,1,195982.9438335086,0.031748317872416,5,50,cap,0.002,195389.3255552636,593.618278244976,0.031712985075794904,3.533279662109451e-05,False,348292711.1425912,0.44359494940346755,11833.084848942626,1.5656660224300587,1.5656662247514972
10,geometry_high,1,195982.9438335086,0.031748317872416,5,50,cap,0.001,195686.02101763073,296.9228158778569,0.031730651473703374,1.766639871262493e-05,False,348292711.1425912,0.44359494940346755,11833.084848942626,1.5656660224300587,1.5656662247514972
11,geometry_high,1,11833.084848942626,0.014084539052866918,5,50,cap,1.0,540.8721653490666,11292.21268359356,0.013291616472105895,0.0007929225807610223,True,62047089.49998607,0.943411817540029,540.8721653490666,0.29415101186073905,0.29415107252325934
11,geometry_high,1,11833.084848942626,0.014084539052866918,5,50,cap,0.8,1541.9754403012437,10291.109408641383,0.013444993228517855,0.000639545824349063,False,62047089.49998607,0.943411817540029,540.8721653490666,0.29415101186073905,0.29415107252325934
11,geometry_high,1,11833.084848942626,0.014084539052866918,5,50,cap,0.5,4222.894105841095,7610.190743101532,0.01368008126557873,0.0004044577872881882,False,62047089.49998607,0.943411817540029,540.8721653490666,0.29415101186073905,0.29415107252325934
11,geometry_high,1,11833.084848942626,0.014084539052866918,5,50,cap,0.3,6795.874778505331,5037.210070437295,0.013840022501698655,0.00024451655116826225,False,62047089.49998607,0.943411817540029,540.8721653490666,0.29415101186073905,0.29415107252325934
11,geometry_high,1,11833.084848942626,0.014084539052866918,5,50,cap,0.2,8317.95359856616,3515.1312503764657,0.013920924762373612,0.00016361429049330592,False,62047089.49998607,0.943411817540029,540.8721653490666,0.29415101186073905,0.29415107252325934
11,geometry_high,1,11833.084848942626,0.014084539052866918,5,50,cap,0.1,9997.03718076929,1836.0476681733362,0.014002433791020641,8.210526184627628e-05,False,62047089.49998607,0.943411817540029,540.8721653490666,0.29415101186073905,0.29415107252325934
11,geometry_high,1,11833.084848942626,0.014084539052866918,5,50,cap,0.05,10895.44304652843,937.6418024141967,0.014043412544647802,4.1126508219115065e-05,False,62047089.49998607,0.943411817540029,540.8721653490666,0.29415101186073905,0.29415107252325934
11,geometry_high,1,11833.084848942626,0.014084539052866918,5,50,cap,0.02,11453.320141065262,379.76470787736434,0.014068070801861008,1.646825100590915e-05,False,62047089.49998607,0.943411817540029,540.8721653490666,0.29415101186073905,0.29415107252325934
11,geometry_high,1,11833.084848942626,0.014084539052866918,5,50,cap,0.01,11642.417857652159,190.6669912904672,0.014076301992955165,8.237059911752123e-06,False,62047089.49998607,0.943411817540029,540.8721653490666,0.29415101186073905,0.29415107252325934
11,geometry_high,1,11833.084848942626,0.014084539052866918,5,50,cap,0.005,11737.55519644958,95.52965249304543,0.014080419789952399,4.119262914518626e-06,False,62047089.49998607,0.943411817540029,540.8721653490666,0.29415101186073905,0.29415107252325934
11,geometry_high,1,11833.084848942626,0.014084539052866918,5,50,cap,0.002,11794.825910689158,38.25893825346793,0.014082891171873375,1.647880993542461e-06,False,62047089.49998607,0.943411817540029,540.8721653490666,0.29415101186073905,0.29415107252325934
11,geometry_high,1,11833.084848942626,0.014084539052866918,5,50,cap,0.001,11813.947533623541,19.137315319085246,0.014083715083072362,8.239697945559149e-07,False,62047089.49998607,0.943411817540029,540.8721653490666,0.29415101186073905,0.29415107252325934
12,geometry_mid,1,540.8721653490666,0.013291616472105895,3,50,best_improve_or_cap,1.0,14840.102970645214,-14299.230805296147,0.004712245664340687,0.008579370807765208,False,395957855.1716533,0.3544354540085614,14840.102970645214,0.141184950280724,0.141184966914599
12,geometry_mid,1,540.8721653490666,0.013291616472105895,3,50,best_improve_or_cap,0.8,10271.106642595973,-9730.234477246906,0.006107452024225369,0.007184164447880526,False,395957855.1716533,0.3544354540085614,14840.102970645214,0.141184950280724,0.141184966914599
12,geometry_mid,1,540.8721653490666,0.013291616472105895,3,50,best_improve_or_cap,0.5,5029.603808650907,-4488.73164330184,0.008646047055164871,0.004645569416941024,False,395957855.1716533,0.3544354540085614,14840.102970645214,0.141184950280724,0.141184966914599
12,geometry_mid,1,540.8721653490666,0.013291616472105895,3,50,best_improve_or_cap,0.3,2600.9012018784083,-2060.0290365293417,0.010468799825417601,0.0028228166466882938,False,395957855.1716533,0.3544354540085614,14840.102970645214,0.141184950280724,0.141184966914599
12,geometry_mid,1,540.8721653490666,0.013291616472105895,3,50,best_improve_or_cap,0.2,1703.9244681502564,-1163.0523028011899,0.011400806308974804,0.0018908101631310917,False,395957855.1716533,0.3544354540085614,14840.102970645214,0.141184950280724,0.141184966914599
12,geometry_mid,1,540.8721653490666,0.013291616472105895,3,50,best_improve_or_cap,0.1,1017.5042957232549,-476.63213037418836,0.012342426580214803,0.0009491898918910918,False,395957855.1716533,0.3544354540085614,14840.102970645214,0.141184950280724,0.141184966914599
12,geometry_mid,1,540.8721653490666,0.013291616472105895,3,50,best_improve_or_cap,0.05,753.0127156110046,-212.14055026193807,0.012816180201803602,0.00047543627030229366,False,395957855.1716533,0.3544354540085614,14840.102970645214,0.141184950280724,0.141184966914599
12,geometry_mid,1,540.8721653490666,0.013291616472105895,3,50,best_improve_or_cap,0.02,619.4524007495232,-78.58023540045667,0.01310125176543428,0.00019036470667161548,False,395957855.1716533,0.3544354540085614,14840.102970645214,0.141184950280724,0.141184966914599
12,geometry_mid,1,540.8721653490666,0.013291616472105895,3,50,best_improve_or_cap,0.01,579.1167970159689,-38.244631666902364,0.013196403333802125,9.521313830376972e-05,False,395957855.1716533,0.3544354540085614,14840.102970645214,0.141184950280724,0.141184966914599
12,geometry_mid,1,540.8721653490666,0.013291616472105895,3,50,best_improve_or_cap,0.005,559.7331575978681,-18.860992248801494,0.01324400228976428,4.761418234161541e-05,False,395957855.1716533,0.3544354540085614,14840.102970645214,0.141184950280724,0.141184966914599
12,geometry_mid,1,540.8721653490666,0.013291616472105895,3,50,best_improve_or_cap,0.002,548.3538507264074,-7.481685377340796,0.01327256898250024,1.9047489605655832e-05,False,395957855.1716533,0.3544354540085614,14840.102970645214,0.141184950280724,0.141184966914599
12,geometry_mid,1,540.8721653490666,0.013291616472105895,3,50,best_improve_or_cap,0.001,544.602556635367,-3.73039128630046,0.01328209242539409,9.524046711804901e-06,False,395957855.1716533,0.3544354540085614,14840.102970645214,0.141184950280724,0.141184966914599
12,geometry_mid,2,540.8721653490666,0.013291616472105895,2,100,best_improve_or_cap,1.0,8116.740847323723,-7575.868681974656,0.017228780745850266,-0.003937164273744371,False,292401282.66255015,1.2963484642894139,8116.740847323723,0.18908076547449554,0.1890807866798523
12,geometry_mid,2,540.8721653490666,0.013291616472105895,2,100,best_improve_or_cap,0.8,5780.418222809944,-5239.546057460878,0.01638908564635714,-0.003097469174251244,False,292401282.66255015,1.2963484642894139,8116.740847323723,0.18908076547449554,0.1890807866798523
12,geometry_mid,2,540.8721653490666,0.013291616472105895,2,100,best_improve_or_cap,0.5,3050.7228922059257,-2509.850726856859,0.015172103621137268,-0.0018804871490313724,False,292401282.66255015,1.2963484642894139,8116.740847323723,0.18908076547449554,0.1890807866798523
12,geometry_mid,2,540.8721653490666,0.013291616472105895,2,100,best_improve_or_cap,0.3,1742.8135578166964,-1201.9413924676298,0.014394754615801834,-0.0011031381436959389,False,292401282.66255015,1.2963484642894139,8116.740847323723,0.18908076547449554,0.1890807866798523
12,geometry_mid,2,540.8721653490666,0.013291616472105895,2,100,best_improve_or_cap,0.2,1241.2375748909296,-700.3654095418631,0.014017982307218152,-0.0007263658351122568,False,292401282.66255015,1.2963484642894139,8116.740847323723,0.18908076547449554,0.1890807866798523
12,geometry_mid,2,540.8721653490666,0.013291616472105895,2,100,best_improve_or_cap,0.1,840.7215485614596,-299.84938321239304,0.01365002553618096,-0.0003584090640750652,False,292401282.66255015,1.2963484642894139,8116.740847323723,0.18908076547449554,0.1890807866798523
12,geometry_mid,2,540.8721653490666,0.013291616472105895,2,100,best_improve_or_cap,0.05,678.2380754946847,-137.36591014561816,0.013469579429056362,-0.00017796295695046704,False,292401282.66255015,1.2963484642894139,8116.740847323723,0.18908076547449554,0.1890807866798523
12,geometry_mid,2,540.8721653490666,0.013291616472105895,2,100,best_improve_or_cap,0.02,592.807561059013,-51.93539570994642,0.01336249729613138,-7.08808240254856e-05,False,292401282.66255015,1.2963484642894139,8116.740847323723,0.18908076547449554,0.1890807866798523
12,geometry_mid,2,540.8721653490666,0.013291616472105895,2,100,best_improve_or_cap,0.01,566.3382966181458,-25.466131269079256,0.01332700561651828,-3.538914441238508e-05,False,292401282.66255015,1.2963484642894139,8116.740847323723,0.18908076547449554,0.1890807866798523
12,geometry_mid,2,540.8721653490666,0.013291616472105895,2,100,best_improve_or_cap,0.005,553.4798638448275,-12.607698495760928,0.013309298176235676,-1.7681704129780818e-05,False,292401282.66255015,1.2963484642894139,8116.740847323723,0.18908076547449554,0.1890807866798523
12,geometry_mid,2,540.8721653490666,0.013291616472105895,2,100,best_improve_or_cap,0.002,545.8851597677491,-5.012994418682524,0.013298686058846062,-7.0695867401670415e-06,False,292401282.66255015,1.2963484642894139,8116.740847323723,0.18908076547449554,0.1890807866798523
12,geometry_mid,2,540.8721653490666,0.013291616472105895,2,100,best_improve_or_cap,0.001,543.3736486589534,-2.501483309886794,0.01329515074910863,-3.5342770027344678e-06,False,292401282.66255015,1.2963484642894139,8116.740847323723,0.18908076547449554,0.1890807866798523
12,geometry_mid,3,540.8721653490666,0.013291616472105895,5,100,best_improve_or_cap,1.0,7777.334757979762,-7236.462592630695,0.01093808577347163,0.0023535306986342645,False,288227451.65541744,0.8223240772204279,7777.334757979762,1.170621962188485,1.1706222091827132
12,geometry_mid,3,540.8721653490666,0.013291616472105895,5,100,best_improve_or_cap,0.8,4508.215581007546,-3967.343415658479,0.011354277360100857,0.0019373391120050387,False,288227451.65541744,0.8223240772204279,7777.334757979762,1.170621962188485,1.1706222091827132
12,geometry_mid,3,540.8721653490666,0.013291616472105895,5,100,best_improve_or_cap,0.5,1310.3400828843673,-769.4679175353008,0.01203456267188479,0.0012570538002211057,False,288227451.65541744,0.8223240772204279,7777.334757979762,1.170621962188485,1.1706222091827132
12,geometry_mid,3,540.8721653490666,0.013291616472105895,5,100,best_improve_or_cap,0.3,317.6384475213946,223.23371782767197,0.012520685650024342,0.0007709308220815534,True,288227451.65541744,0.8223240772204279,7777.334757979762,1.170621962188485,1.1706222091827132
12,geometry_mid,3,540.8721653490666,0.013291616472105895,5,100,best_improve_or_cap,0.2,163.571349021444,377.30081632762256,0.012772425163420312,0.0005191913086855827,False,288227451.65541744,0.8223240772204279,7777.334757979762,1.170621962188485,1.1706222091827132
12,geometry_mid,3,540.8721653490666,0.013291616472105895,5,100,best_improve_or_cap,0.1,237.9246702080306,302.947495141036,0.0130295054200291,0.0002621110520767949,False,288227451.65541744,0.8223240772204279,7777.334757979762,1.170621962188485,1.1706222091827132
12,geometry_mid,3,540.8721653490666,0.013291616472105895,5,100,best_improve_or_cap,0.05,360.8132770468341,180.05888830223245,0.013159950752588166,0.00013166571951772968,False,288227451.65541744,0.8223240772204279,7777.334757979762,1.170621962188485,1.1706222091827132
12,geometry_mid,3,540.8721653490666,0.013291616472105895,5,100,best_improve_or_cap,0.02,461.9867841714428,78.88538117762374,0.013238806061135337,5.281041097055829e-05,False,288227451.65541744,0.8223240772204279,7777.334757979762,1.170621962188485,1.1706222091827132
12,geometry_mid,3,540.8721653490666,0.013291616472105895,5,100,best_improve_or_cap,0.01,500.2857210591884,40.58644428987816,0.013265187437042626,2.6429035063269685e-05,False,288227451.65541744,0.8223240772204279,7777.334757979762,1.170621962188485,1.1706222091827132
12,geometry_mid,3,540.8721653490666,0.013291616472105895,5,100,best_improve_or_cap,0.005,520.2929939027179,20.57917144634871,0.013278396014957665,1.322045714823028e-05,False,288227451.65541744,0.8223240772204279,7777.334757979762,1.170621962188485,1.1706222091827132
12,geometry_mid,3,540.8721653490666,0.013291616472105895,5,100,best_improve_or_cap,0.002,532.5718675499812,8.300297799085342,0.013286326866007891,5.2896060980037185e-06,False,288227451.65541744,0.8223240772204279,7777.334757979762,1.170621962188485,1.1706222091827132
12,geometry_mid,3,540.8721653490666,0.013291616472105895,5,100,best_improve_or_cap,0.001,536.7105781577352,4.161587191331364,0.013288971432039286,2.645040066608789e-06,False,288227451.65541744,0.8223240772204279,7777.334757979762,1.170621962188485,1.1706222091827132
13,geometry_mid,1,317.6384475213946,0.012520685650024342,3,50,best_improve_or_cap,1.0,237.57615895219422,80.06228856920038,0.011479406762983407,0.0010412788870409351,True,33846853.13556382,0.9170495058733491,237.57615895219422,2.6338822874266175,2.6338826514038947
13,geometry_mid,1,317.6384475213946,0.012520685650024342,3,50,best_improve_or_cap,0.8,165.47216416308314,152.16628335831146,0.01168563120000673,0.0008350544500176117,False,33846853.13556382,0.9170495058733491,237.57615895219422,2.6338822874266175,2.6338826514038947
13,geometry_mid,1,317.6384475213946,0.012520685650024342,3,50,best_improve_or_cap,0.5,139.9619988324179,177.6764486889767,0.011996954735967067,0.0005237309140572743,False,33846853.13556382,0.9170495058733491,237.57615895219422,2.6338822874266175,2.6338826514038947
13,geometry_mid,1,317.6384475213946,0.012520685650024342,3,50,best_improve_or_cap,0.3,178.01824123240675,139.62020628898784,0.012205749511086404,0.0003149361389379376,False,33846853.13556382,0.9170495058733491,237.57615895219422,2.6338822874266175,2.6338826514038947
13,geometry_mid,1,317.6384475213946,0.012520685650024342,3,50,best_improve_or_cap,0.2,213.55646707870963,104.08198044268497,0.012310501629804224,0.00021018402022011766,False,33846853.13556382,0.9170495058733491,237.57615895219422,2.6338822874266175,2.6338826514038947
13,geometry_mid,1,317.6384475213946,0.012520685650024342,3,50,best_improve_or_cap,0.1,260.09751494390827,57.54093257748633,0.012415482258853614,0.00010520339117072765,False,33846853.13556382,0.9170495058733491,237.57615895219422,2.6338822874266175,2.6338826514038947
13,geometry_mid,1,317.6384475213946,0.012520685650024342,3,50,best_improve_or_cap,0.05,287.49317927786404,30.145268243530552,0.01246805646134514,5.262918867920095e-05,False,33846853.13556382,0.9170495058733491,237.57615895219422,2.6338822874266175,2.6338826514038947
13,geometry_mid,1,317.6384475213946,0.012520685650024342,3,50,best_improve_or_cap,0.02,305.250411258638,12.3880362627566,0.012499627420647827,2.1058229376515192e-05,False,33846853.13556382,0.9170495058733491,237.57615895219422,2.6338822874266175,2.6338826514038947
13,geometry_mid,1,317.6384475213946,0.012520685650024342,3,50,best_improve_or_cap,0.01,311.38944318763515,6.249004333759444,0.012510155446695446,1.0530203328895302e-05,False,33846853.13556382,0.9170495058733491,237.57615895219422,2.6338822874266175,2.6338826514038947
13,geometry_mid,1,317.6384475213946,0.012520685650024342,3,50,best_improve_or_cap,0.005,314.5001989838345,3.1382485375601163,0.012515420276543211,5.265373481130528e-06,False,33846853.13556382,0.9170495058733491,237.57615895219422,2.6338822874266175,2.6338826514038947
13,geometry_mid,1,317.6384475213946,0.012520685650024342,3,50,best_improve_or_cap,0.002,316.37984900659154,1.2585985148030545,0.01251857943543979,2.1062145845514996e-06,False,33846853.13556382,0.9170495058733491,237.57615895219422,2.6338822874266175,2.6338826514038947
13,geometry_mid,1,317.6384475213946,0.012520685650024342,3,50,best_improve_or_cap,0.001,317.00859841180574,0.6298491095888608,0.012519632531870372,1.0531181539701062e-06,False,33846853.13556382,0.9170495058733491,237.57615895219422,2.6338822874266175,2.6338826514038947
14,geometry_mid,1,237.57615895219422,0.011479406762983407,3,50,best_improve_or_cap,1.0,9662.28080990962,-9424.704650957427,0.012677122764699188,-0.0011977160017157817,False,316974013.24446726,1.1045358034099197,9662.28080990962,0.7187799182619381,0.7187800282913631
14,geometry_mid,1,237.57615895219422,0.011479406762983407,3,50,best_improve_or_cap,0.8,6569.998642770735,-6332.422483818541,0.0124351522831971,-0.0009557455202136942,False,316974013.24446726,1.1045358034099197,9662.28080990962,0.7187799182619381,0.7187800282913631
14,geometry_mid,1,237.57615895219422,0.011479406762983407,3,50,best_improve_or_cap,0.5,3063.6124589014885,-2826.036299949294,0.012074359045793029,-0.0005949522828096222,False,316974013.24446726,1.1045358034099197,9662.28080990962,0.7187799182619381,0.7187800282913631
14,geometry_mid,1,237.57615895219422,0.011479406762983407,3,50,best_improve_or_cap,0.3,1480.568795785549,-1242.9926368333547,0.01183537443689037,-0.00035596767390696366,False,316974013.24446726,1.1045358034099197,9662.28080990962,0.7187799182619381,0.7187800282913631
14,geometry_mid,1,237.57615895219422,0.011479406762983407,3,50,best_improve_or_cap,0.2,915.3739436440205,-677.7977846918263,0.011716373785749027,-0.00023696702276562037,False,316974013.24446726,1.1045358034099197,9662.28080990962,0.7187799182619381,0.7187800282913631
14,geometry_mid,1,237.57615895219422,0.011479406762983407,3,50,best_improve_or_cap,0.1,501.0472042743709,-263.4710453221767,0.011597714366841124,-0.00011830760385771709,False,316974013.24446726,1.1045358034099197,9662.28080990962,0.7187799182619381,0.7187800282913631
14,geometry_mid,1,237.57615895219422,0.011479406762983407,3,50,best_improve_or_cap,0.05,350.45549644749525,-112.87933749530103,0.011538515910845454,-5.910914786204716e-05,False,316974013.24446726,1.1045358034099197,9662.28080990962,0.7187799182619381,0.7187800282913631
14,geometry_mid,1,237.57615895219422,0.011479406762983407,3,50,best_improve_or_cap,0.02,278.20250895806765,-40.626350005873434,0.011503039616984822,-2.3632854001415585e-05,False,316974013.24446726,1.1045358034099197,9662.28080990962,0.7187799182619381,0.7187800282913631
14,geometry_mid,1,237.57615895219422,0.011479406762983407,3,50,best_improve_or_cap,0.01,257.13511141165674,-19.558952459462517,0.011491221381716555,-1.1814618733148666e-05,False,316974013.24446726,1.1045358034099197,9662.28080990962,0.7187799182619381,0.7187800282913631
14,geometry_mid,1,237.57615895219422,0.011479406762983407,3,50,best_improve_or_cap,0.005,247.16708031995614,-9.590921367761922,0.011485313619585397,-5.906856601990695e-06,False,316974013.24446726,1.1045358034099197,9662.28080990962,0.7187799182619381,0.7187800282913631
14,geometry_mid,1,237.57615895219422,0.011479406762983407,3,50,best_improve_or_cap,0.002,241.36727443118554,-3.7911154789913155,0.011481769396871233,-2.362633887826454e-06,False,316974013.24446726,1.1045358034099197,9662.28080990962,0.7187799182619381,0.7187800282913631
14,geometry_mid,1,237.57615895219422,0.011479406762983407,3,50,best_improve_or_cap,0.001,239.46417452736685,-1.8880155751726306,0.011480588061794377,-1.1812988109701633e-06,False,316974013.24446726,1.1045358034099197,9662.28080990962,0.7187799182619381,0.7187800282913631
14,geometry_mid,2,237.57615895219422,0.011479406762983407,2,100,best_improve_or_cap,1.0,219.31328659010367,18.262872362090548,0.01337154162356586,-0.0018921348605824527,True,34271386.954997964,1.1648203938173285,219.31328659010367,0.2776459193799143,0.2776459858589031
14,geometry_mid,2,237.57615895219422,0.011479406762983407,2,100,best_improve_or_cap,0.8,149.31511910355312,88.2610398486411,0.012990435724198321,-0.0015110289612149143,False,34271386.954997964,1.1648203938173285,219.31328659010367,0.2776459193799143,0.2776459858589031
14,geometry_mid,2,237.57615895219422,0.011479406762983407,2,100,best_improve_or_cap,0.5,113.72319209100824,123.85296686118598,0.012421096782924268,-0.0009416900199408617,False,34271386.954997964,1.1648203938173285,219.31328659010367,0.2776459193799143,0.2776459858589031
14,geometry_mid,2,237.57615895219422,0.011479406762983407,2,100,best_improve_or_cap,0.3,135.93131037322289,101.64484857897133,0.012043254738955329,-0.0005638479759719223,False,34271386.954997964,1.1648203938173285,219.31328659010367,0.2776459193799143,0.2776459858589031
14,geometry_mid,2,237.57615895219422,0.011479406762983407,2,100,best_improve_or_cap,0.2,160.73043369760393,76.84572525459029,0.011854898206847351,-0.00037549144386394423,False,34271386.954997964,1.1648203938173285,219.31328659010367,0.2776459193799143,0.2776459858589031
14,geometry_mid,2,237.57615895219422,0.011479406762983407,2,100,best_improve_or_cap,0.1,194.62155059916924,42.95460835302498,0.011666942320475668,-0.00018753555749226151,False,34271386.954997964,1.1648203938173285,219.31328659010367,0.2776459193799143,0.2776459858589031
14,geometry_mid,2,237.57615895219422,0.011479406762983407,2,100,best_improve_or_cap,0.05,214.96769863869588,22.60846031349834,0.01157312072223976,-9.371395925635365e-05,False,34271386.954997964,1.1648203938173285,219.31328659010367,0.2776459193799143,0.2776459858589031
14,geometry_mid,2,237.57615895219422,0.011479406762983407,2,100,best_improve_or_cap,0.02,228.26152512981724,9.314633822376976,0.011516879261747201,-3.7472498763794354e-05,False,34271386.954997964,1.1648203938173285,219.31328659010367,0.2776459193799143,0.2776459858589031
14,geometry_mid,2,237.57615895219422,0.011479406762983407,2,100,best_improve_or_cap,0.01,232.87365273688843,4.702506215305789,0.01149814081732202,-1.8734054338612888e-05,False,34271386.954997964,1.1648203938173285,219.31328659010367,0.2776459193799143,0.2776459858589031
14,geometry_mid,2,237.57615895219422,0.011479406762983407,2,100,best_improve_or_cap,0.005,235.21361029517698,2.3625486570172427,0.01148877324004932,-9.366477065913051e-06,False,34271386.954997964,1.1648203938173285,219.31328659010367,0.2776459193799143,0.2776459858589031
14,geometry_mid,2,237.57615895219422,0.011479406762983407,2,100,best_improve_or_cap,0.002,236.62842878624213,0.9477301659520947,0.011483153221612617,-3.7464586292099145e-06,False,34271386.954997964,1.1648203938173285,219.31328659010367,0.2776459193799143,0.2776459858589031
14,geometry_mid,2,237.57615895219422,0.011479406762983407,2,100,best_improve_or_cap,0.001,237.10184210497437,0.47431684721985334,0.011481279970250774,-1.8732072673676575e-06,False,34271386.954997964,1.1648203938173285,219.31328659010367,0.2776459193799143,0.2776459858589031
15,geometry_mid,1,219.31328659010367,0.01337154162356586,3,50,best_improve_or_cap,1.0,4067418.869998797,-4067199.556712207,0.012215034910224038,0.0011565067133418212,False,6712750589.821601,0.9136440417531485,4067418.869998797,34.85050260997803,34.850506164176
15,geometry_mid,1,219.31328659010367,0.01337154162356586,3,50,best_improve_or_cap,0.8,2618350.862146612,-2618131.548860022,0.010940057294397612,0.0024314843291682476,False,6712750589.821601,0.9136440417531485,4067418.869998797,34.85050260997803,34.850506164176
15,geometry_mid,1,219.31328659010367,0.01337154162356586,3,50,best_improve_or_cap,0.5,1027755.4356494221,-1027536.122362832,0.01042241774488192,0.0029491238786839395,False,6712750589.821601,0.9136440417531485,4067418.869998797,34.85050260997803,34.850506164176
15,geometry_mid,1,219.31328659010367,0.01337154162356586,3,50,best_improve_or_cap,0.3,368050.572862941,-367831.2595763509,0.011108784481566774,0.002262757141999085,False,6712750589.821601,0.9136440417531485,4067418.869998797,34.85050260997803,34.850506164176
15,geometry_mid,1,219.31328659010367,0.01337154162356586,3,50,best_improve_or_cap,0.2,161506.63035432415,-161287.31706773405,0.011723453509193179,0.0016480881143726804,False,6712750589.821601,0.9136440417531485,4067418.869998797,34.85050260997803,34.850506164176
15,geometry_mid,1,219.31328659010367,0.01337154162356586,3,50,best_improve_or_cap,0.1,38550.139051975624,-38330.82576538552,0.012486140665612565,0.0008854009579532945,False,6712750589.821601,0.9136440417531485,4067418.869998797,34.85050260997803,34.850506164176
15,geometry_mid,1,219.31328659010367,0.01337154162356586,3,50,best_improve_or_cap,0.05,8741.572446320659,-8522.259159730555,0.012914997440211346,0.00045654418335451356,False,6712750589.821601,0.9136440417531485,4067418.869998797,34.85050260997803,34.850506164176
15,geometry_mid,1,219.31328659010367,0.01337154162356586,3,50,best_improve_or_cap,0.02,1065.5418388231706,-846.2285522330669,0.013185781619419792,0.00018576000414606726,False,6712750589.821601,0.9136440417531485,4067418.869998797,34.85050260997803,34.850506164176
15,geometry_mid,1,219.31328659010367,0.01337154162356586,3,50,best_improve_or_cap,0.01,214.62164512027536,4.691641469828312,0.013278152388381982,9.338923518387686e-05,False,6712750589.821601,0.9136440417531485,4067418.869998797,34.85050260997803,34.850506164176
15,geometry_mid,1,219.31328659010367,0.01337154162356586,3,50,best_improve_or_cap,0.005,109.9509703180042,109.36231627209948,0.013324721030654537,4.682059291132197e-05,True,6712750589.821601,0.9136440417531485,4067418.869998797,34.85050260997803,34.850506164176
15,geometry_mid,1,219.31328659010367,0.01337154162356586,3,50,best_improve_or_cap,0.002,149.8760785779471,69.43720801215656,0.01335278332163094,1.8758301934918703e-05,False,6712750589.821601,0.9136440417531485,4067418.869998797,34.85050260997803,34.850506164176
15,geometry_mid,1,219.31328659010367,0.01337154162356586,3,50,best_improve_or_cap,0.001,180.31194209595188,39.001344494151795,0.01336215747585731,9.384147708549687e-06,False,6712750589.821601,0.9136440417531485,4067418.869998797,34.85050260997803,34.850506164176
16,objective_low,1,109.9509703180042,0.013324721030654537,5,200,best_improve,1.0,158.0718109485289,-48.12084063052471,0.003690907472020406,0.009633813558634132,False,28367563.669407945,0.2764438323959887,158.0718109485289,1.1741550872722022,1.1741548982558674
16,objective_low,1,109.9509703180042,0.013324721030654537,5,200,best_improve,0.8,142.46816339114474,-32.51719307314055,0.005593692119766526,0.007731028910888012,False,28367563.669407945,0.2764438323959887,158.0718109485289,1.1741550872722022,1.1741548982558674
16,objective_low,1,109.9509703180042,0.013324721030654537,5,200,best_improve,0.5,122.98632137318054,-13.03535105517635,0.008483103778750103,0.004841617251904434,False,28367563.669407945,0.2764438323959887,158.0718109485289,1.1741550872722022,1.1741548982558674
16,objective_low,1,109.9509703180042,0.013324721030654537,5,200,best_improve,0.3,114.13136927041286,-4.180398952408666,0.010417669671958018,0.0029070513586965194,False,28367563.669407945,0.2764438323959887,158.0718109485289,1.1741550872722022,1.1741548982558674
16,objective_low,1,109.9509703180042,0.013324721030654537,5,200,best_improve,0.2,111.3701183487009,-1.4191480306967037,0.011386171033097687,0.0019385499975568508,False,28367563.669407945,0.2764438323959887,158.0718109485289,1.1741550872722022,1.1741548982558674
16,objective_low,1,109.9509703180042,0.013324721030654537,5,200,best_improve,0.1,109.92324769916065,0.02772261884354066,0.012355228915635365,0.0009694921150191719,False,28367563.669407945,0.2764438323959887,158.0718109485289,1.1741550872722022,1.1741548982558674
16,objective_low,1,109.9509703180042,0.013324721030654537,5,200,best_improve,0.05,109.74253592781014,0.20843439019405707,0.012839926899854727,0.0004847941307998104,True,28367563.669407945,0.2764438323959887,158.0718109485289,1.1741550872722022,1.1741548982558674
16,objective_low,1,109.9509703180042,0.013324721030654537,5,200,best_improve,0.02,109.8195654483028,0.13140486970139875,0.013130792529924624,0.0001939285007299136,False,28367563.669407945,0.2764438323959887,158.0718109485289,1.1741550872722022,1.1741548982558674
16,objective_low,1,109.9509703180042,0.013324721030654537,5,200,best_improve,0.01,109.8771506616499,0.07381965635428855,0.013227755025879815,9.69660047747227e-05,False,28367563.669407945,0.2764438323959887,158.0718109485289,1.1741550872722022,1.1741548982558674
16,objective_low,1,109.9509703180042,0.013324721030654537,5,200,best_improve,0.005,109.91202063880047,0.03894967920372494,0.013276237594530602,4.848343612393578e-05,False,28367563.669407945,0.2764438323959887,158.0718109485289,1.1741550872722022,1.1741548982558674
16,objective_low,1,109.9509703180042,0.013324721030654537,5,200,best_improve,0.002,109.93489952979878,0.01607078820541119,0.01330532755272288,1.9393477931657285e-05,False,28367563.669407945,0.2764438323959887,158.0718109485289,1.1741550872722022,1.1741548982558674
16,objective_low,1,109.9509703180042,0.013324721030654537,5,200,best_improve,0.001,109.94285299167683,0.008117326327365504,0.013315024274492588,9.696756161949038e-06,False,28367563.669407945,0.2764438323959887,158.0718109485289,1.1741550872722022,1.1741548982558674
17,objective_low,1,109.74253592781014,0.012839926899854727,5,200,best_improve,1.0,516.061449539425,-406.31891361161485,0.015219153703141038,-0.0023792268032863106,False,62978343.556180686,1.1861866568483368,516.061449539425,0.8779578022435119,0.8779576007854228
17,objective_low,1,109.74253592781014,0.012839926899854727,5,200,best_improve,0.8,362.9394976480662,-253.19696172025607,0.014729227885690425,-0.0018893009858356978,False,62978343.556180686,1.1861866568483368,516.061449539425,0.8779578022435119,0.8779576007854228
17,objective_low,1,109.74253592781014,0.012839926899854727,5,200,best_improve,0.5,203.59123492313108,-93.84869899532094,0.014006411828946665,-0.0011664849290919377,False,62978343.556180686,1.1861866568483368,516.061449539425,0.8779578022435119,0.8779576007854228
17,objective_low,1,109.74253592781014,0.012839926899854727,5,200,best_improve,0.3,141.459364637273,-31.716828709462874,0.013533586365531768,-0.0006936594656770413,False,62978343.556180686,1.1861866568483368,516.061449539425,0.8779578022435119,0.8779576007854228
17,objective_low,1,109.74253592781014,0.012839926899854727,5,200,best_improve,0.2,122.91972426167804,-13.177188333867903,0.013300180041022394,-0.00046025314116766684,False,62978343.556180686,1.1861866568483368,516.061449539425,0.8779578022435119,0.8779576007854228
17,objective_low,1,109.74253592781014,0.012839926899854727,5,200,best_improve,0.1,112.4233978305879,-2.680861902777764,0.0130689215238348,-0.0002289946239800722,False,62978343.556180686,1.1861866568483368,516.061449539425,0.8779578022435119,0.8779576007854228
17,objective_low,1,109.74253592781014,0.012839926899854727,5,200,best_improve,0.05,110.12018650228119,-0.37765057447104766,0.012954133691651618,-0.00011420679179689058,False,62978343.556180686,1.1861866568483368,516.061449539425,0.8779578022435119,0.8779576007854228
17,objective_low,1,109.74253592781014,0.012839926899854727,5,200,best_improve,0.02,109.66433231031861,0.07820361749152482,0.01288553890093214,-4.5612001077412895e-05,True,62978343.556180686,1.1861866568483368,516.061449539425,0.8779578022435119,0.8779576007854228
17,objective_low,1,109.74253592781014,0.012839926899854727,5,200,best_improve,0.01,109.6653734273066,0.07716250050353324,0.012862721030757838,-2.279413090311086e-05,False,62978343.556180686,1.1861866568483368,516.061449539425,0.8779578022435119,0.8779576007854228
17,objective_low,1,109.74253592781014,0.012839926899854727,5,200,best_improve,0.005,109.69445354679748,0.04808238101266227,0.012851320989997424,-1.1394090142696767e-05,False,62978343.556180686,1.1861866568483368,516.061449539425,0.8779578022435119,0.8779576007854228
17,objective_low,1,109.74253592781014,0.012839926899854727,5,200,best_improve,0.002,109.72102450061492,0.0215114271952217,0.012844483820823732,-4.556920969005229e-06,False,62978343.556180686,1.1861866568483368,516.061449539425,0.8779578022435119,0.8779576007854228
17,objective_low,1,109.74253592781014,0.012839926899854727,5,200,best_improve,0.001,109.73140061823325,0.011135309576886243,0.012842205241073271,-2.278341218544394e-06,False,62978343.556180686,1.1861866568483368,516.061449539425,0.8779578022435119,0.8779576007854228
18,objective_low,1,109.66433231031861,0.01288553890093214,5,200,best_improve,1.0,110.81333426963702,-1.1490019593184115,0.009572970100885482,0.0033125688000466575,False,5578711.108737496,0.7428041688651627,110.81333426963702,0.473229446093274,0.4732294493138837
18,objective_low,1,109.66433231031861,0.01288553890093214,5,200,best_improve,0.8,109.97194063788065,-0.30760832756203627,0.01023528690186385,0.002650251999068289,False,5578711.108737496,0.7428041688651627,110.81333426963702,0.473229446093274,0.4732294493138837
18,objective_low,1,109.66433231031861,0.01288553890093214,5,200,best_improve,0.5,109.28407471646283,0.38025759385578795,0.011228974419542438,0.0016565644813897017,False,5578711.108737496,0.7428041688651627,110.81333426963702,0.473229446093274,0.4732294493138837
18,objective_low,1,109.66433231031861,0.01288553890093214,5,200,best_improve,0.3,109.20751182646762,0.45682048385098994,0.011891546337994597,0.000993992562937543,True,5578711.108737496,0.7428041688651627,110.81333426963702,0.473229446093274,0.4732294493138837
18,objective_low,1,109.66433231031861,0.01288553890093214,5,200,best_improve,0.2,109.28363064275403,0.3807016675645798,0.01222286072951503,0.0006626781714171096,False,5578711.108737496,0.7428041688651627,110.81333426963702,0.473229446093274,0.4732294493138837
18,objective_low,1,109.66433231031861,0.01288553890093214,5,200,best_improve,0.1,109.43592644959128,0.22840586072733515,0.012554192029963277,0.00033134687096886273,False,5578711.108737496,0.7428041688651627,110.81333426963702,0.473229446093274,0.4732294493138837
18,objective_low,1,109.66433231031861,0.01288553890093214,5,200,best_improve,0.05,109.54061979271313,0.12371251760548319,0.01271986359737415,0.00016567530355799005,False,5578711.108737496,0.7428041688651627,110.81333426963702,0.473229446093274,0.4732294493138837
18,objective_low,1,109.66433231031861,0.01288553890093214,5,200,best_improve,0.02,109.61256553491701,0.05176677540160313,0.012819268340723758,6.627056020838164e-05,False,5578711.108737496,0.7428041688651627,110.81333426963702,0.473229446093274,0.4732294493138837
18,objective_low,1,109.66433231031861,0.01288553890093214,5,200,best_improve,0.01,109.63806867225466,0.026263638063952044,0.0128524035484748,3.3135352457339465e-05,False,5578711.108737496,0.7428041688651627,110.81333426963702,0.473229446093274,0.4732294493138837
18,objective_low,1,109.66433231031861,0.01288553890093214,5,200,best_improve,0.005,109.65110543279059,0.013226877528026648,0.012868971206687256,1.656769424488412e-05,False,5578711.108737496,0.7428041688651627,110.81333426963702,0.473229446093274,0.4732294493138837
18,objective_low,1,109.66433231031861,0.01288553890093214,5,200,best_improve,0.002,109.65901874577695,0.005313564541665983,0.012878911818919479,6.62708201266092e-06,False,5578711.108737496,0.7428041688651627,110.81333426963702,0.473229446093274,0.4732294493138837
18,objective_low,1,109.66433231031861,0.01288553890093214,5,200,best_improve,0.001,109.66167172606048,0.0026605842581375327,0.012882225359207456,3.3135417246837884e-06,False,5578711.108737496,0.7428041688651627,110.81333426963702,0.473229446093274,0.4732294493138837
19,objective_low,1,109.20751182646762,0.011891546337994597,5,200,best_improve,1.0,480.4152093857809,-371.20769755931326,0.011284559797392912,0.0006069865406016853,False,63802820.96564112,0.9490986472721981,480.4152093857809,1.1598408478081732,1.1598408754013292
19,objective_low,1,109.20751182646762,0.011891546337994597,5,200,best_improve,0.8,351.01342992506386,-241.80591809859624,0.011401931087332964,0.0004896152506616326,False,63802820.96564112,0.9490986472721981,480.4152093857809,1.1598408478081732,1.1598408754013292
19,objective_low,1,109.20751182646762,0.011891546337994597,5,200,best_improve,0.5,208.30437570744107,-99.09686388097344,0.011581860708552652,0.00030968562944194526,False,63802820.96564112,0.9490986472721981,480.4152093857809,1.1598408478081732,1.1598408754013292
19,objective_low,1,109.20751182646762,0.011891546337994597,5,200,best_improve,0.3,147.72497341728922,-38.5174615908216,0.011704302967595115,0.00018724337039948205,False,63802820.96564112,0.9490986472721981,480.4152093857809,1.1598408478081732,1.1598408754013292
19,objective_low,1,109.20751182646762,0.011891546337994597,5,200,best_improve,0.2,127.87996831529288,-18.67245648882526,0.011766247631775487,0.00012529870621911035,False,63802820.96564112,0.9490986472721981,480.4152093857809,1.1598408478081732,1.1598408754013292
19,objective_low,1,109.20751182646762,0.011891546337994597,5,200,best_improve,0.1,115.03225971141718,-5.824747884949559,0.011828664567567064,6.288177042753328e-05,False,63802820.96564112,0.9490986472721981,480.4152093857809,1.1598408478081732,1.1598408754013292
19,objective_low,1,109.20751182646762,0.011891546337994597,5,200,best_improve,0.05,111.24041042191575,-2.032898595448131,0.011860047809293459,3.149852870113802e-05,False,63802820.96564112,0.9490986472721981,480.4152093857809,1.1598408478081732,1.1598408754013292
19,objective_low,1,109.20751182646762,0.011891546337994597,5,200,best_improve,0.02,109.809391595426,-0.6018797689583835,0.011878933150698745,1.2613187295852299e-05,False,63802820.96564112,0.9490986472721981,480.4152093857809,1.1598408478081732,1.1598408754013292
19,objective_low,1,109.20751182646762,0.011891546337994597,5,200,best_improve,0.01,109.47322129535833,-0.2657094688907051,0.0118852374532473,6.308884747296267e-06,False,63802820.96564112,0.9490986472721981,480.4152093857809,1.1598408478081732,1.1598408754013292
19,objective_low,1,109.20751182646762,0.011891546337994597,5,200,best_improve,0.005,109.331557351641,-0.12404552517337208,0.011888391323301939,3.155014692658026e-06,False,63802820.96564112,0.9490986472721981,480.4152093857809,1.1598408478081732,1.1598408754013292
19,objective_low,1,109.20751182646762,0.011891546337994597,5,200,best_improve,0.002,109.25501561941962,-0.04750379295199991,0.011890284194819283,1.2621431753137569e-06,False,63802820.96564112,0.9490986472721981,480.4152093857809,1.1598408478081732,1.1598408754013292
19,objective_low,1,109.20751182646762,0.011891546337994597,5,200,best_improve,0.001,109.23091130324661,-0.023399476778990902,0.011890915243528755,6.310944658423356e-07,False,63802820.96564112,0.9490986472721981,480.4152093857809,1.1598408478081732,1.1598408754013292
19,objective_low,2,109.20751182646762,0.011891546337994597,2,300,best_improve,1.0,134.38790615470387,-25.180394328236247,0.012495236009352578,-0.0006036896713579806,False,16718135.379726678,1.0507768862750289,134.38790615470387,0.05981547342129906,0.0598154777735231
19,objective_low,2,109.20751182646762,0.011891546337994597,2,300,best_improve,0.8,123.74490760360813,-14.537395777140503,0.012369595323253503,-0.0004780489852589057,False,16718135.379726678,1.0507768862750289,134.38790615470387,0.05981547342129906,0.0598154777735231
19,objective_low,2,109.20751182646762,0.011891546337994597,2,300,best_improve,0.5,113.07451953029997,-3.8670077038323427,0.012185615892011205,-0.00029406955401660786,False,16718135.379726678,1.0507768862750289,134.38790615470387,0.05981547342129906,0.0598154777735231
19,objective_low,2,109.20751182646762,0.011891546337994597,2,300,best_improve,0.3,109.45517632462403,-0.24766449815641067,0.012066056978852031,-0.00017451064085743408,False,16718135.379726678,1.0507768862750289,134.38790615470387,0.05981547342129906,0.0598154777735231
19,objective_low,2,109.20751182646762,0.011891546337994597,2,300,best_improve,0.2,108.68476851453111,0.5227433119365088,0.012007233608248928,-0.0001156872702543308,False,16718135.379726678,1.0507768862750289,134.38790615470387,0.05981547342129906,0.0598154777735231
19,objective_low,2,109.20751182646762,0.011891546337994597,2,300,best_improve,0.1,108.60320994416269,0.604301882304938,0.01194906021463929,-5.751387664469296e-05,True,16718135.379726678,1.0507768862750289,134.38790615470387,0.05981547342129906,0.0598154777735231
19,objective_low,2,109.20751182646762,0.011891546337994597,2,300,best_improve,0.05,108.81981493503126,0.387696891436363,0.011920220237429785,-2.867389943518768e-05,False,16718135.379726678,1.0507768862750289,134.38790615470387,0.05981547342129906,0.0598154777735231
19,objective_low,2,109.20751182646762,0.011891546337994597,2,300,best_improve,0.02,109.03192590978448,0.17558591668314705,0.011902995891458344,-1.1449553463747236e-05,False,16718135.379726678,1.0507768862750289,134.38790615470387,0.05981547342129906,0.0598154777735231
19,objective_low,2,109.20751182646762,0.011891546337994597,2,300,best_improve,0.01,109.11630299618503,0.09120883028259641,0.011897267773915534,-5.721435920936699e-06,False,16718135.379726678,1.0507768862750289,134.38790615470387,0.05981547342129906,0.0598154777735231
19,objective_low,2,109.20751182646762,0.011891546337994597,2,300,best_improve,0.005,109.16105362985425,0.04645819661337214,0.011894406220149386,-2.859882154789342e-06,False,16718135.379726678,1.0507768862750289,134.38790615470387,0.05981547342129906,0.0598154777735231
19,objective_low,2,109.20751182646762,0.011891546337994597,2,300,best_improve,0.002,109.1887236642187,0.018788162248924323,0.011892690090185946,-1.143752191349462e-06,False,16718135.379726678,1.0507768862750289,134.38790615470387,0.05981547342129906,0.0598154777735231
19,objective_low,2,109.20751182646762,0.011891546337994597,2,300,best_improve,0.001,109.19808360036494,0.009428226102684789,0.011892118180638744,-5.71842644146725e-07,False,16718135.379726678,1.0507768862750289,134.38790615470387,0.05981547342129906,0.0598154777735231
20,objective_low,1,108.60320994416269,0.01194906021463929,5,200,best_improve,1.0,158.82759799264224,-50.224388048479554,0.007346527727170105,0.004602532487469185,False,23973320.906337067,0.6147276344956595,158.82759799264224,1.4834058979971674,1.4834060883030737
20,objective_low,1,108.60320994416269,0.01194906021463929,5,200,best_improve,0.8,140.6130326024314,-32.0098226582687,0.00826516199140532,0.003683898223233969,False,23973320.906337067,0.6147276344956595,158.82759799264224,1.4834058979971674,1.4834060883030737
20,objective_low,1,108.60320994416269,0.01194906021463929,5,200,best_improve,0.5,120.78006601138578,-12.176856067223099,0.009645288289335923,0.0023037719253033665,False,23973320.906337067,0.6147276344956595,158.82759799264224,1.4834058979971674,1.4834060883030737
20,objective_low,1,108.60320994416269,0.01194906021463929,5,200,best_improve,0.3,112.70901454803058,-4.105804603867895,0.010566379671700503,0.0013826805429387867,False,23973320.906337067,0.6147276344956595,158.82759799264224,1.4834058979971674,1.4834060883030737
20,objective_low,1,108.60320994416269,0.01194906021463929,5,200,best_improve,0.2,110.25983585610729,-1.6566259119446016,0.011027151582686126,0.0009219086319531642,False,23973320.906337067,0.6147276344956595,158.82759799264224,1.4834058979971674,1.4834060883030737
20,objective_low,1,108.60320994416269,0.01194906021463929,5,200,best_improve,0.1,108.88661221125304,-0.2834022670903522,0.011488050004330128,0.000461010210309162,False,23973320.906337067,0.6147276344956595,158.82759799264224,1.4834058979971674,1.4834060883030737
20,objective_low,1,108.60320994416269,0.01194906021463929,5,200,best_improve,0.05,108.60781446173553,-0.004604517572843747,0.011718541965820171,0.00023051824881911882,False,23973320.906337067,0.6147276344956595,158.82759799264224,1.4834058979971674,1.4834060883030737
20,objective_low,1,108.60320994416269,0.01194906021463929,5,200,best_improve,0.02,108.57203712685182,0.031172817310860523,0.011856849859450604,9.221035518868631e-05,True,23973320.906337067,0.6147276344956595,158.82759799264224,1.4834058979971674,1.4834060883030737
20,objective_low,1,108.60320994416269,0.01194906021463929,5,200,best_improve,0.01,108.58211180290371,0.02109814125897458,0.011902954535716836,4.6105678922454124e-05,False,23973320.906337067,0.6147276344956595,158.82759799264224,1.4834058979971674,1.4834060883030737
20,objective_low,1,108.60320994416269,0.01194906021463929,5,200,best_improve,0.005,108.59128206861175,0.011927875550938438,0.011926007250578309,2.3052964060981188e-05,False,23973320.906337067,0.6147276344956595,158.82759799264224,1.4834058979971674,1.4834060883030737
20,objective_low,1,108.60320994416269,0.01194906021463929,5,200,best_improve,0.002,108.59810776912333,0.005102175039354506,0.011939838999204038,9.221215435251465e-06,False,23973320.906337067,0.6147276344956595,158.82759799264224,1.4834058979971674,1.4834060883030737
20,objective_low,1,108.60320994416269,0.01194906021463929,5,200,best_improve,0.001,108.60060367659725,0.0026062675654401346,0.011944449601960914,4.610612678375425e-06,False,23973320.906337067,0.6147276344956595,158.82759799264224,1.4834058979971674,1.4834060883030737
